date,tmax,sun_hr,season
2005-01-01,18.9,11.448408333333333,Summer
2005-01-02,18.2,14.553722222222223,Summer
2005-01-03,25.9,12.33923888888889,Summer
2005-01-04,24.2,10.650383333333332,Summer
2005-01-05,19.5,9.461919444444446,Summer
2005-01-06,17.6,14.381391666666667,Summer
2005-01-07,16.8,12.612997222222223,Summer
2005-01-08,19.3,12.918480555555556,Summer
2005-01-09,25.0,14.449288888888889,Summer
2005-01-10,29.1,14.431069444444445,Summer
2005-01-11,35.4,13.813977777777778,Summer
2005-01-12,24.3,13.66818888888889,Summer
2005-01-13,32.7,14.371852777777777,Summer
2005-01-14,27.3,11.691613888888888,Summer
2005-01-15,24.7,9.100694444444445,Summer
2005-01-16,20.4,12.210066666666666,Summer
2005-01-17,20.8,8.318955555555556,Summer
2005-01-18,24.3,13.765083333333335,Summer
2005-01-19,32.6,13.514855555555556,Summer
2005-01-20,26.2,13.076113888888889,Summer
2005-01-21,21.4,11.756752777777777,Summer
2005-01-22,21.5,12.832697222222222,Summer
2005-01-23,24.4,13.844041666666667,Summer
2005-01-24,26.0,13.50518611111111,Summer
2005-01-25,34.2,13.780263888888888,Summer
2005-01-26,33.6,13.356955555555556,Summer
2005-01-27,27.7,11.677138888888889,Summer
2005-01-28,34.8,10.248072222222222,Summer
2005-01-29,20.7,0.2574361111111111,Summer
2005-01-30,21.8,12.908441666666667,Summer
2005-01-31,30.4,13.339466666666667,Summer
2005-02-01,33.7,11.077783333333333,Summer
2005-02-02,13.3,0.0,Summer
2005-02-03,16.3,9.058527777777778,Summer
2005-02-04,18.1,9.382863888888888,Summer
2005-02-05,20.5,10.253963888888888,Summer
2005-02-06,20.9,13.139399999999998,Summer
2005-02-07,30.7,12.0,Summer
2005-02-08,19.5,4.155822222222222,Summer
2005-02-09,19.3,12.547208333333332,Summer
2005-02-10,17.5,12.879938888888889,Summer
2005-02-11,19.4,12.677097222222223,Summer
2005-02-12,17.3,8.716375,Summer
2005-02-13,20.0,13.0,Summer
2005-02-14,29.2,13.0,Summer
2005-02-15,23.5,1.1993916666666669,Summer
2005-02-16,17.6,10.756641666666667,Summer
2005-02-17,20.5,13.0,Summer
2005-02-18,27.7,10.482744444444444,Summer
2005-02-19,21.2,10.47301111111111,Summer
2005-02-20,22.2,12.709327777777778,Summer
2005-02-21,23.6,11.381125,Summer
2005-02-22,24.7,12.826424999999999,Summer
2005-02-23,29.7,12.751280555555555,Summer
2005-02-24,30.6,12.0,Summer
2005-02-25,18.2,7.701386111111112,Summer
2005-02-26,19.0,11.584486111111111,Summer
2005-02-27,21.6,12.86991388888889,Summer
2005-02-28,31.5,12.829552777777778,Summer
2005-03-01,34.0,12.789022222222224,Autumn
2005-03-02,17.7,11.125644444444445,Autumn
2005-03-03,19.9,12.707580555555555,Autumn
2005-03-04,20.9,10.902316666666666,Autumn
2005-03-05,16.1,11.240930555555556,Autumn
2005-03-06,18.3,10.062241666666667,Autumn
2005-03-07,19.1,11.036644444444445,Autumn
2005-03-08,18.4,7.191247222222223,Autumn
2005-03-09,20.0,12.433436111111112,Autumn
2005-03-10,19.8,8.770833333333334,Autumn
2005-03-11,26.9,10.759291666666666,Autumn
2005-03-12,30.1,11.74542222222222,Autumn
2005-03-13,33.0,12.300513888888888,Autumn
2005-03-14,33.2,12.260144444444444,Autumn
2005-03-15,21.4,9.61768611111111,Autumn
2005-03-16,16.1,7.869430555555556,Autumn
2005-03-17,18.9,8.70725,Autumn
2005-03-18,21.7,11.783908333333333,Autumn
2005-03-19,24.5,11.601336111111111,Autumn
2005-03-20,26.7,11.621966666666667,Autumn
2005-03-21,22.4,11.125291666666667,Autumn
2005-03-22,20.5,9.408519444444444,Autumn
2005-03-23,20.5,11.199977777777777,Autumn
2005-03-24,17.9,4.374144444444444,Autumn
2005-03-25,14.2,5.06018611111111,Autumn
2005-03-26,19.7,11.256633333333333,Autumn
2005-03-27,22.9,9.512627777777778,Autumn
2005-03-28,18.6,10.4289,Autumn
2005-03-29,22.6,5.793344444444445,Autumn
2005-03-30,25.5,11.0,Autumn
2005-03-31,25.9,11.052966666666666,Autumn
2005-04-01,28.7,11.060744444444445,Autumn
2005-04-02,29.6,10.080477777777778,Autumn
2005-04-03,24.9,6.310905555555555,Autumn
2005-04-04,18.1,11.0,Autumn
2005-04-05,24.0,11.01051111111111,Autumn
2005-04-06,20.4,11.018266666666667,Autumn
2005-04-07,20.9,10.412838888888889,Autumn
2005-04-08,26.6,10.990441666666666,Autumn
2005-04-09,30.4,10.965994444444444,Autumn
2005-04-10,31.9,9.395294444444444,Autumn
2005-04-11,19.4,10.917375000000002,Autumn
2005-04-12,20.5,10.893255555555555,Autumn
2005-04-13,26.8,10.869297222222222,Autumn
2005-04-14,20.4,0.0,Autumn
2005-04-15,20.0,8.373277777777778,Autumn
2005-04-16,20.8,10.689875,Autumn
2005-04-17,24.7,10.451469444444445,Autumn
2005-04-18,18.9,9.725575,Autumn
2005-04-19,16.5,7.940966666666666,Autumn
2005-04-20,17.5,10.345638888888889,Autumn
2005-04-21,23.2,10.68672222222222,Autumn
2005-04-22,24.7,10.66543888888889,Autumn
2005-04-23,25.1,10.611141666666667,Autumn
2005-04-24,25.0,8.200730555555555,Autumn
2005-04-25,19.4,7.3850138888888885,Autumn
2005-04-26,18.4,10.548569444444444,Autumn
2005-04-27,24.3,10.298641666666667,Autumn
2005-04-28,26.5,10.284755555555556,Autumn
2005-04-29,16.3,6.561497222222222,Autumn
2005-04-30,18.9,5.803091666666667,Autumn
2005-05-01,15.5,7.148386111111111,Autumn
2005-05-02,20.1,9.922258333333332,Autumn
2005-05-03,21.5,9.27803888888889,Autumn
2005-05-04,22.6,9.094455555555555,Autumn
2005-05-05,20.7,7.849061111111111,Autumn
2005-05-06,15.2,9.900683333333333,Autumn
2005-05-07,15.9,9.894994444444446,Autumn
2005-05-08,15.7,9.563911111111112,Autumn
2005-05-09,16.2,9.795522222222221,Autumn
2005-05-10,18.3,9.7893,Autumn
2005-05-11,16.8,6.398524999999999,Autumn
2005-05-12,15.6,5.6951833333333335,Autumn
2005-05-13,15.3,8.274255555555555,Autumn
2005-05-14,19.5,9.71746388888889,Autumn
2005-05-15,17.8,9.638336111111112,Autumn
2005-05-16,15.9,4.325216666666667,Autumn
2005-05-17,17.1,8.582611111111111,Autumn
2005-05-18,17.1,8.072416666666667,Autumn
2005-05-19,16.2,9.221338888888889,Autumn
2005-05-20,17.8,9.632633333333334,Autumn
2005-05-21,17.7,6.3557194444444445,Autumn
2005-05-22,20.1,9.605183333333335,Autumn
2005-05-23,20.2,9.52773611111111,Autumn
2005-05-24,19.1,9.0,Autumn
2005-05-25,13.9,8.307786111111112,Autumn
2005-05-26,14.0,8.875430555555555,Autumn
2005-05-27,12.4,7.460497222222222,Autumn
2005-05-28,12.3,8.549730555555556,Autumn
2005-05-29,14.2,8.152755555555554,Autumn
2005-05-30,14.6,8.023280555555555,Autumn
2005-05-31,13.1,2.0202472222222223,Autumn
2005-06-01,12.5,2.6434416666666665,Winter
2005-06-02,13.9,8.656497222222223,Winter
2005-06-03,16.6,9.142255555555556,Winter
2005-06-04,17.3,8.774555555555557,Winter
2005-06-05,16.3,9.059941666666667,Winter
2005-06-06,18.1,6.867936111111111,Winter
2005-06-07,20.0,9.070294444444444,Winter
2005-06-08,20.7,8.538,Winter
2005-06-09,18.9,7.804233333333333,Winter
2005-06-10,18.0,2.852422222222222,Winter
2005-06-11,16.1,3.0,Winter
2005-06-12,17.2,9.0,Winter
2005-06-13,16.8,9.003127777777777,Winter
2005-06-14,14.2,9.0,Winter
2005-06-15,13.0,7.941719444444444,Winter
2005-06-16,13.0,8.075430555555556,Winter
2005-06-17,13.0,8.504922222222223,Winter
2005-06-18,14.5,8.295158333333333,Winter
2005-06-19,11.9,1.9081916666666665,Winter
2005-06-20,12.8,3.978825,Winter
2005-06-21,14.2,6.285772222222222,Winter
2005-06-22,10.7,4.91685,Winter
2005-06-23,13.9,7.946288888888889,Winter
2005-06-24,13.2,9.0,Winter
2005-06-25,14.5,9.0,Winter
2005-06-26,14.2,9.0,Winter
2005-06-27,13.0,9.0,Winter
2005-06-28,11.8,8.077311111111111,Winter
2005-06-29,13.4,9.0,Winter
2005-06-30,11.0,0.0,Winter
2005-07-01,12.6,0.0,Winter
2005-07-02,14.3,8.0,Winter
2005-07-03,15.1,7.504677777777778,Winter
2005-07-04,14.1,8.481738888888888,Winter
2005-07-05,15.2,9.026741666666666,Winter
2005-07-06,16.5,9.0,Winter
2005-07-07,14.9,8.0,Winter
2005-07-08,11.9,5.9662444444444445,Winter
2005-07-09,9.3,0.6199333333333334,Winter
2005-07-10,12.8,9.0,Winter
2005-07-11,11.8,1.7857055555555554,Winter
2005-07-12,11.3,0.07300000000000001,Winter
2005-07-13,11.8,4.140741666666667,Winter
2005-07-14,12.2,7.74335,Winter
2005-07-15,11.3,8.280972222222223,Winter
2005-07-16,12.8,6.0807416666666665,Winter
2005-07-17,11.7,9.0,Winter
2005-07-18,13.5,9.073291666666666,Winter
2005-07-19,13.9,9.067819444444444,Winter
2005-07-20,14.2,9.062100000000001,Winter
2005-07-21,14.4,9.166205555555555,Winter
2005-07-22,15.3,9.152997222222222,Winter
2005-07-23,15.0,8.153847222222222,Winter
2005-07-24,16.0,8.441044444444444,Winter
2005-07-25,15.4,4.374577777777778,Winter
2005-07-26,13.4,3.6637638888888886,Winter
2005-07-27,15.5,8.19971111111111,Winter
2005-07-28,16.5,9.247002777777778,Winter
2005-07-29,16.3,8.135730555555556,Winter
2005-07-30,15.1,8.144519444444445,Winter
2005-07-31,15.4,9.245741666666666,Winter
2005-08-01,16.0,9.117961111111113,Winter
2005-08-02,16.9,9.52303611111111,Winter
2005-08-03,16.9,9.416702777777777,Winter
2005-08-04,11.3,7.403894444444445,Winter
2005-08-05,13.7,9.646436111111111,Winter
2005-08-06,14.6,9.802375000000001,Winter
2005-08-07,12.9,6.1983250000000005,Winter
2005-08-08,14.3,9.676516666666666,Winter
2005-08-09,14.7,6.362516666666667,Winter
2005-08-10,8.8,9.724216666666667,Winter
2005-08-11,9.4,9.971547222222222,Winter
2005-08-12,11.1,8.77801111111111,Winter
2005-08-13,15.2,7.673011111111111,Winter
2005-08-14,13.1,6.528294444444445,Winter
2005-08-15,12.8,7.6090583333333335,Winter
2005-08-16,16.2,10.373894444444444,Winter
2005-08-17,15.4,10.57865,Winter
2005-08-18,18.0,9.679200000000002,Winter
2005-08-19,14.9,3.1441166666666667,Winter
2005-08-20,14.6,7.258488888888889,Winter
2005-08-21,15.2,8.18923888888889,Winter
2005-08-22,12.5,10.75693888888889,Winter
2005-08-23,12.9,9.260275,Winter
2005-08-24,12.4,6.228875,Winter
2005-08-25,14.0,10.810905555555555,Winter
2005-08-26,12.4,8.065097222222223,Winter
2005-08-27,18.2,9.098613888888888,Winter
2005-08-28,19.0,10.85311111111111,Winter
2005-08-29,19.6,10.867166666666668,Winter
2005-08-30,17.6,9.11506388888889,Winter
2005-08-31,16.0,10.89525,Winter
2005-09-01,12.4,10.707719444444445,Spring
2005-09-02,13.4,10.869847222222221,Spring
2005-09-03,15.8,9.036208333333333,Spring
2005-09-04,15.0,10.951319444444444,Spring
2005-09-05,14.5,10.96668888888889,Spring
2005-09-06,18.4,10.97931111111111,Spring
2005-09-07,18.7,9.872847222222223,Spring
2005-09-08,21.3,11.126427777777778,Spring
2005-09-09,22.5,10.886630555555556,Spring
2005-09-10,20.2,5.363561111111111,Spring
2005-09-11,13.3,9.352444444444446,Spring
2005-09-12,11.7,10.761419444444444,Spring
2005-09-13,14.3,9.577241666666666,Spring
2005-09-14,16.9,11.129991666666667,Spring
2005-09-15,13.9,10.0,Spring
2005-09-16,15.3,9.639183333333333,Spring
2005-09-17,11.5,8.272183333333334,Spring
2005-09-18,16.0,11.655905555555556,Spring
2005-09-19,14.9,10.60761388888889,Spring
2005-09-20,15.4,8.413441666666667,Spring
2005-09-21,19.1,11.198641666666667,Spring
2005-09-22,20.4,8.753480555555555,Spring
2005-09-23,16.9,7.752744444444445,Spring
2005-09-24,13.5,4.2655972222222225,Spring
2005-09-25,16.7,10.354619444444443,Spring
2005-09-26,15.1,9.933652777777779,Spring
2005-09-27,17.0,11.890858333333332,Spring
2005-09-28,20.2,6.894733333333334,Spring
2005-09-29,15.9,11.941397222222221,Spring
2005-09-30,18.1,11.966422222222223,Spring
2005-10-01,22.3,10.346055555555557,Spring
2005-10-02,21.3,12.067411111111111,Spring
2005-10-03,16.6,11.784594444444444,Spring
2005-10-04,18.3,11.100972222222222,Spring
2005-10-05,18.2,4.104386111111111,Spring
2005-10-06,15.1,12.0,Spring
2005-10-07,14.5,5.221986111111112,Spring
2005-10-08,14.3,9.19635277777778,Spring
2005-10-09,14.7,11.086191666666666,Spring
2005-10-10,19.2,12.251925,Spring
2005-10-11,15.4,11.244652777777778,Spring
2005-10-12,18.6,12.0,Spring
2005-10-13,21.3,12.148541666666667,Spring
2005-10-14,14.3,12.310583333333334,Spring
2005-10-15,17.4,12.618630555555555,Spring
2005-10-16,18.9,12.535347222222223,Spring
2005-10-17,19.3,10.581925,Spring
2005-10-18,22.8,11.875922222222222,Spring
2005-10-19,22.5,8.078027777777779,Spring
2005-10-20,20.4,6.471441666666666,Spring
2005-10-21,19.5,3.037661111111111,Spring
2005-10-22,19.3,11.005802777777777,Spring
2005-10-23,24.1,12.972819444444445,Spring
2005-10-24,20.3,12.707869444444444,Spring
2005-10-25,19.7,11.840069444444444,Spring
2005-10-26,20.4,13.107511111111112,Spring
2005-10-27,17.9,13.223536111111112,Spring
2005-10-28,22.9,11.778880555555556,Spring
2005-10-29,23.8,7.8280972222222225,Spring
2005-10-30,17.4,6.761875,Spring
2005-10-31,23.3,13.183669444444444,Spring
2005-11-01,28.0,13.327969444444445,Spring
2005-11-02,28.7,12.716561111111112,Spring
2005-11-03,26.6,12.889275,Spring
2005-11-04,19.0,11.058275,Spring
2005-11-05,22.3,13.676980555555556,Spring
2005-11-06,27.3,13.002897222222222,Spring
2005-11-07,23.4,5.116175,Spring
2005-11-08,23.8,11.316458333333333,Spring
2005-11-09,29.5,12.76533888888889,Spring
2005-11-10,17.2,9.034572222222222,Spring
2005-11-11,16.7,12.5237,Spring
2005-11-12,18.1,12.343677777777778,Spring
2005-11-13,18.5,13.890191666666666,Spring
2005-11-14,25.1,13.307616666666666,Spring
2005-11-15,15.5,12.0,Spring
2005-11-16,18.5,13.928438888888888,Spring
2005-11-17,25.9,13.9403,Spring
2005-11-18,25.8,4.496533333333334,Spring
2005-11-19,18.2,10.92072777777778,Spring
2005-11-20,16.9,13.594358333333334,Spring
2005-11-21,20.2,13.982908333333334,Spring
2005-11-22,18.2,13.410002777777779,Spring
2005-11-23,23.5,14.0,Spring
2005-11-24,24.3,13.32323888888889,Spring
2005-11-25,27.7,13.694047222222222,Spring
2005-11-26,19.8,11.9164,Spring
2005-11-27,16.7,14.0,Spring
2005-11-28,17.9,12.905486111111111,Spring
2005-11-29,23.5,9.017394444444443,Spring
2005-11-30,23.9,13.869147222222223,Spring
2005-12-01,30.7,13.833336111111112,Summer
2005-12-02,24.7,6.0,Summer
2005-12-03,18.6,12.621702777777777,Summer
2005-12-04,27.2,14.068444444444445,Summer
2005-12-05,26.2,14.152025,Summer
2005-12-06,21.9,4.493911111111111,Summer
2005-12-07,22.5,13.35667222222222,Summer
2005-12-08,20.8,14.039861111111112,Summer
2005-12-09,20.8,12.98301111111111,Summer
2005-12-10,19.0,14.00118611111111,Summer
2005-12-11,26.6,14.294186111111111,Summer
2005-12-12,29.1,10.183577777777778,Summer
2005-12-13,20.0,14.37376388888889,Summer
2005-12-14,21.6,14.368147222222223,Summer
2005-12-15,29.2,9.706175000000002,Summer
2005-12-16,20.7,11.174291666666665,Summer
2005-12-17,20.3,14.352647222222222,Summer
2005-12-18,19.7,11.240477777777778,Summer
2005-12-19,20.0,14.526808333333333,Summer
2005-12-20,30.8,14.605430555555557,Summer
2005-12-21,29.7,12.232524999999999,Summer
2005-12-22,22.4,14.621905555555555,Summer
2005-12-23,34.5,9.992238888888888,Summer
2005-12-24,22.3,14.30563888888889,Summer
2005-12-25,21.6,11.680024999999999,Summer
2005-12-26,25.4,14.59505,Summer
2005-12-27,32.7,12.951863888888889,Summer
2005-12-28,26.5,14.340919444444443,Summer
2005-12-29,30.9,14.59428888888889,Summer
2005-12-30,36.2,14.586269444444444,Summer
2005-12-31,40.5,14.569433333333333,Summer
2006-01-01,32.6,5.890927777777778,Summer
2006-01-02,20.7,14.123199999999999,Summer
2006-01-03,18.7,12.0,Summer
2006-01-04,18.8,11.841563888888889,Summer
2006-01-05,22.0,14.518566666666665,Summer
2006-01-06,22.5,14.504144444444444,Summer
2006-01-07,24.8,14.060836111111112,Summer
2006-01-08,27.4,13.793002777777778,Summer
2006-01-09,28.8,1.812136111111111,Summer
2006-01-10,28.1,9.247827777777777,Summer
2006-01-11,19.6,4.809608333333333,Summer
2006-01-12,23.1,14.112883333333333,Summer
2006-01-13,20.4,12.96205,Summer
2006-01-14,20.5,13.560513888888888,Summer
2006-01-15,21.5,10.653341666666666,Summer
2006-01-16,26.1,13.566669444444445,Summer
2006-01-17,22.2,11.630733333333334,Summer
2006-01-18,26.3,13.73621111111111,Summer
2006-01-19,31.5,14.064316666666667,Summer
2006-01-20,34.3,11.921655555555555,Summer
2006-01-21,37.6,13.819777777777777,Summer
2006-01-22,39.5,13.428344444444445,Summer
2006-01-23,23.4,11.806083333333333,Summer
2006-01-24,20.0,12.245233333333333,Summer
2006-01-25,33.1,13.777158333333333,Summer
2006-01-26,37.6,13.440369444444444,Summer
2006-01-27,35.7,11.0,Summer
2006-01-28,30.4,10.733205555555555,Summer
2006-01-29,32.7,11.972138888888889,Summer
2006-01-30,20.7,5.356344444444445,Summer
2006-01-31,24.2,12.182622222222223,Summer
2006-02-01,22.7,6.095091666666667,Summer
2006-02-02,21.7,9.647208333333333,Summer
2006-02-03,21.1,12.216611111111112,Summer
2006-02-04,22.5,12.911358333333332,Summer
2006-02-05,22.5,13.130786111111112,Summer
2006-02-06,22.3,10.945191666666668,Summer
2006-02-07,19.3,12.998541666666666,Summer
2006-02-08,30.7,13.0,Summer
2006-02-09,20.9,8.469408333333334,Summer
2006-02-10,18.4,12.891541666666667,Summer
2006-02-11,20.8,13.010330555555557,Summer
2006-02-12,28.7,13.0,Summer
2006-02-13,19.0,10.743586111111112,Summer
2006-02-14,21.0,10.169702777777777,Summer
2006-02-15,23.7,10.385238888888889,Summer
2006-02-16,29.7,11.064925,Summer
2006-02-17,33.7,13.0,Summer
2006-02-18,23.8,11.0,Summer
2006-02-19,20.8,8.550947222222222,Summer
2006-02-20,20.6,13.0,Summer
2006-02-21,22.6,12.998383333333333,Summer
2006-02-22,24.2,11.845272222222222,Summer
2006-02-23,33.3,12.963247222222224,Summer
2006-02-24,34.7,12.945786111111111,Summer
2006-02-25,30.0,6.154269444444444,Summer
2006-02-26,19.7,10.098588888888889,Summer
2006-02-27,21.2,12.877930555555556,Summer
2006-02-28,22.6,12.837488888888888,Summer
2006-03-01,23.0,12.796991666666667,Autumn
2006-03-02,31.7,12.756472222222223,Autumn
2006-03-03,32.2,12.715958333333333,Autumn
2006-03-04,29.6,12.67548611111111,Autumn
2006-03-05,26.6,12.085058333333333,Autumn
2006-03-06,20.2,11.601980555555555,Autumn
2006-03-07,19.2,8.720241666666666,Autumn
2006-03-08,23.0,12.514547222222223,Autumn
2006-03-09,26.6,12.47433611111111,Autumn
2006-03-10,23.6,12.4339,Autumn
2006-03-11,25.6,11.739072222222223,Autumn
2006-03-12,36.1,11.987758333333334,Autumn
2006-03-13,24.1,8.237577777777778,Autumn
2006-03-14,19.4,12.27043888888889,Autumn
2006-03-15,24.8,10.015341666666668,Autumn
2006-03-16,20.7,11.454819444444444,Autumn
2006-03-17,19.2,11.878627777777778,Autumn
2006-03-18,19.6,9.889669444444444,Autumn
2006-03-19,20.4,11.965405555555556,Autumn
2006-03-20,20.4,11.698430555555555,Autumn
2006-03-21,24.3,9.409541666666666,Autumn
2006-03-22,27.6,11.659244444444445,Autumn
2006-03-23,25.0,11.518561111111111,Autumn
2006-03-24,28.0,10.261169444444445,Autumn
2006-03-25,29.1,11.398397222222224,Autumn
2006-03-26,29.9,11.257352777777777,Autumn
2006-03-27,19.5,1.4885000000000002,Autumn
2006-03-28,24.7,11.0,Autumn
2006-03-29,28.1,11.116563888888889,Autumn
2006-03-30,21.3,10.101316666666666,Autumn
2006-03-31,19.7,6.3872888888888895,Autumn
2006-04-01,15.2,10.787591666666668,Autumn
2006-04-02,15.5,4.0076,Autumn
2006-04-03,17.5,8.086652777777777,Autumn
2006-04-04,19.1,6.201144444444444,Autumn
2006-04-05,18.8,7.532355555555555,Autumn
2006-04-06,15.3,10.799477777777778,Autumn
2006-04-07,15.3,10.575727777777779,Autumn
2006-04-08,15.9,9.369713888888889,Autumn
2006-04-09,15.9,3.048763888888889,Autumn
2006-04-10,21.8,8.208388888888889,Autumn
2006-04-11,25.0,10.921661111111112,Autumn
2006-04-12,19.6,10.897675,Autumn
2006-04-13,23.2,9.068922222222222,Autumn
2006-04-14,22.7,9.0,Autumn
2006-04-15,14.0,10.255194444444443,Autumn
2006-04-16,15.0,8.833630555555555,Autumn
2006-04-17,20.1,9.812472222222222,Autumn
2006-04-18,19.1,9.910841666666666,Autumn
2006-04-19,20.7,10.737777777777778,Autumn
2006-04-20,15.1,6.838997222222222,Autumn
2006-04-21,13.5,10.69373888888889,Autumn
2006-04-22,14.6,6.302941666666666,Autumn
2006-04-23,14.5,8.565938888888889,Autumn
2006-04-24,13.8,4.006663888888889,Autumn
2006-04-25,17.8,9.542575,Autumn
2006-04-26,19.5,10.575705555555556,Autumn
2006-04-27,19.6,10.539641666666666,Autumn
2006-04-28,21.3,8.50553611111111,Autumn
2006-04-29,16.6,4.482663888888889,Autumn
2006-04-30,15.9,3.4560944444444446,Autumn
2006-05-01,16.0,4.224836111111111,Autumn
2006-05-02,19.2,7.828044444444444,Autumn
2006-05-03,15.5,9.751919444444445,Autumn
2006-05-04,17.7,6.665263888888889,Autumn
2006-05-05,18.2,7.00755,Autumn
2006-05-06,16.6,6.568486111111111,Autumn
2006-05-07,16.8,7.0,Autumn
2006-05-08,13.9,8.155091666666667,Autumn
2006-05-09,15.1,3.8682222222222222,Autumn
2006-05-10,12.8,9.321938888888889,Autumn
2006-05-11,13.3,9.301016666666667,Autumn
2006-05-12,14.7,9.74955,Autumn
2006-05-13,14.4,7.116272222222222,Autumn
2006-05-14,14.2,0.011016666666666666,Autumn
2006-05-15,15.0,3.515836111111111,Autumn
2006-05-16,19.3,8.353419444444445,Autumn
2006-05-17,19.0,7.784180555555555,Autumn
2006-05-18,16.6,6.002425,Autumn
2006-05-19,19.2,9.274013888888888,Autumn
2006-05-20,12.3,9.410105555555555,Autumn
2006-05-21,13.4,7.538505555555555,Autumn
2006-05-22,11.9,8.753291666666666,Autumn
2006-05-23,13.3,7.849355555555555,Autumn
2006-05-24,14.9,8.699855555555555,Autumn
2006-05-25,14.5,8.716413888888889,Autumn
2006-05-26,14.1,6.047980555555555,Autumn
2006-05-27,12.6,8.743686111111112,Autumn
2006-05-28,13.3,6.292380555555556,Autumn
2006-05-29,11.3,8.067052777777777,Autumn
2006-05-30,14.8,9.20898888888889,Autumn
2006-05-31,15.6,9.215477777777778,Autumn
2006-06-01,14.7,8.537305555555555,Winter
2006-06-02,13.5,8.550627777777777,Winter
2006-06-03,13.6,9.047955555555555,Winter
2006-06-04,13.4,8.115305555555555,Winter
2006-06-05,12.4,7.850047222222222,Winter
2006-06-06,12.2,8.918780555555555,Winter
2006-06-07,12.2,7.579752777777778,Winter
2006-06-08,12.3,7.425680555555556,Winter
2006-06-09,12.9,8.048402777777778,Winter
2006-06-10,12.3,7.700783333333333,Winter
2006-06-11,10.4,9.088766666666666,Winter
2006-06-12,12.0,7.790152777777777,Winter
2006-06-13,12.2,7.508855555555556,Winter
2006-06-14,13.6,8.064383333333334,Winter
2006-06-15,14.0,8.315952777777778,Winter
2006-06-16,11.1,6.581463888888889,Winter
2006-06-17,12.4,4.668755555555555,Winter
2006-06-18,13.3,8.0,Winter
2006-06-19,13.4,7.842513888888889,Winter
2006-06-20,13.0,9.02268611111111,Winter
2006-06-21,15.9,8.372941666666666,Winter
2006-06-22,15.3,8.973855555555556,Winter
2006-06-23,13.4,4.013269444444445,Winter
2006-06-24,11.6,9.0,Winter
2006-06-25,12.9,8.955441666666667,Winter
2006-06-26,14.5,9.0,Winter
2006-06-27,11.9,5.0,Winter
2006-06-28,13.8,9.0,Winter
2006-06-29,13.9,9.0,Winter
2006-06-30,13.8,5.943716666666667,Winter
2006-07-01,13.6,1.3755166666666665,Winter
2006-07-02,10.8,0.0,Winter
2006-07-03,12.7,4.179697222222222,Winter
2006-07-04,15.1,7.184258333333334,Winter
2006-07-05,15.4,9.0,Winter
2006-07-06,12.5,8.604930555555555,Winter
2006-07-07,13.1,5.613266666666666,Winter
2006-07-08,13.7,5.692711111111111,Winter
2006-07-09,12.9,7.576552777777778,Winter
2006-07-10,13.0,7.684724999999999,Winter
2006-07-11,13.1,9.01238888888889,Winter
2006-07-12,11.1,8.907116666666667,Winter
2006-07-13,11.9,7.426005555555555,Winter
2006-07-14,14.1,5.384072222222223,Winter
2006-07-15,10.3,0.0,Winter
2006-07-16,12.8,0.09746388888888889,Winter
2006-07-17,13.0,3.7207444444444446,Winter
2006-07-18,13.0,9.0,Winter
2006-07-19,11.2,8.530949999999999,Winter
2006-07-20,11.4,8.946772222222222,Winter
2006-07-21,14.2,9.168774999999998,Winter
2006-07-22,14.2,9.0,Winter
2006-07-23,13.2,7.348994444444445,Winter
2006-07-24,12.4,7.356152777777778,Winter
2006-07-25,13.8,8.752075,Winter
2006-07-26,15.1,6.918444444444445,Winter
2006-07-27,13.8,6.062694444444444,Winter
2006-07-28,14.6,9.190425,Winter
2006-07-29,13.8,9.236369444444444,Winter
2006-07-30,14.8,8.352755555555555,Winter
2006-07-31,11.7,7.204650000000001,Winter
2006-08-01,12.0,8.083252777777778,Winter
2006-08-02,14.1,7.28455,Winter
2006-08-03,12.8,6.641905555555556,Winter
2006-08-04,13.1,8.78271111111111,Winter
2006-08-05,13.0,9.081861111111111,Winter
2006-08-06,13.1,7.529747222222222,Winter
2006-08-07,15.4,7.7884416666666665,Winter
2006-08-08,16.8,10.023902777777778,Winter
2006-08-09,14.9,9.398519444444444,Winter
2006-08-10,13.2,8.769627777777778,Winter
2006-08-11,13.7,9.968322222222222,Winter
2006-08-12,13.9,9.319988888888888,Winter
2006-08-13,16.7,9.990802777777777,Winter
2006-08-14,15.3,8.911988888888889,Winter
2006-08-15,14.1,10.49883611111111,Winter
2006-08-16,16.6,10.533249999999999,Winter
2006-08-17,15.0,10.381063888888889,Winter
2006-08-18,15.0,9.894680555555555,Winter
2006-08-19,14.5,9.350952777777778,Winter
2006-08-20,17.3,10.249236111111111,Winter
2006-08-21,18.0,9.494877777777777,Winter
2006-08-22,14.7,10.226263888888889,Winter
2006-08-23,15.0,9.15015,Winter
2006-08-24,11.8,1.398572222222222,Winter
2006-08-25,12.7,8.285069444444444,Winter
2006-08-26,14.1,10.511894444444444,Winter
2006-08-27,13.6,5.476769444444444,Winter
2006-08-28,14.9,8.637266666666667,Winter
2006-08-29,15.9,10.864294444444445,Winter
2006-08-30,20.2,10.878375,Winter
2006-08-31,21.5,10.89243611111111,Winter
2006-09-01,23.5,10.906477777777777,Spring
2006-09-02,24.2,9.095869444444444,Spring
2006-09-03,17.9,4.253908333333333,Spring
2006-09-04,12.6,10.116180555555555,Spring
2006-09-05,17.1,10.775697222222222,Spring
2006-09-06,11.8,1.1679944444444443,Spring
2006-09-07,12.3,8.370563888888888,Spring
2006-09-08,12.3,10.070769444444444,Spring
2006-09-09,13.0,11.036052777777778,Spring
2006-09-10,13.7,9.339075,Spring
2006-09-11,15.9,10.644444444444444,Spring
2006-09-12,19.1,11.321727777777777,Spring
2006-09-13,19.8,9.960238888888888,Spring
2006-09-14,20.6,9.648311111111111,Spring
2006-09-15,16.4,9.605558333333335,Spring
2006-09-16,15.7,8.93918888888889,Spring
2006-09-17,22.5,8.362566666666668,Spring
2006-09-18,22.8,6.853658333333333,Spring
2006-09-19,26.8,10.632547222222222,Spring
2006-09-20,16.8,10.989727777777777,Spring
2006-09-21,18.5,10.37056111111111,Spring
2006-09-22,23.2,9.813363888888889,Spring
2006-09-23,16.9,7.837369444444444,Spring
2006-09-24,16.5,11.0,Spring
2006-09-25,14.0,10.48648888888889,Spring
2006-09-26,18.4,11.856594444444443,Spring
2006-09-27,21.5,11.882197222222223,Spring
2006-09-28,17.2,11.907891666666668,Spring
2006-09-29,17.0,11.933658333333334,Spring
2006-09-30,15.6,11.962330555555555,Spring
2006-10-01,23.9,10.985277777777778,Spring
2006-10-02,16.4,12.0,Spring
2006-10-03,18.2,11.8436,Spring
2006-10-04,27.2,12.054430555555555,Spring
2006-10-05,21.7,10.537955555555556,Spring
2006-10-06,19.1,12.0,Spring
2006-10-07,26.2,12.1944,Spring
2006-10-08,14.0,12.10605,Spring
2006-10-09,14.8,11.14071388888889,Spring
2006-10-10,22.5,12.0,Spring
2006-10-11,27.5,12.246522222222223,Spring
2006-10-12,33.2,12.320658333333334,Spring
2006-10-13,24.7,11.910405555555556,Spring
2006-10-14,22.0,11.829347222222223,Spring
2006-10-15,14.0,11.135947222222223,Spring
2006-10-16,20.9,12.605872222222223,Spring
2006-10-17,26.6,12.057677777777778,Spring
2006-10-18,22.4,10.436394444444444,Spring
2006-10-19,21.9,12.400080555555556,Spring
2006-10-20,18.7,9.947358333333332,Spring
2006-10-21,13.8,12.739944444444445,Spring
2006-10-22,17.1,12.911122222222222,Spring
2006-10-23,21.5,13.058988888888889,Spring
2006-10-24,29.1,12.759005555555555,Spring
2006-10-25,19.0,6.811058333333333,Spring
2006-10-26,16.2,13.188252777777777,Spring
2006-10-27,17.6,11.021947222222224,Spring
2006-10-28,12.1,13.037841666666667,Spring
2006-10-29,15.2,13.129630555555556,Spring
2006-10-30,18.4,13.453183333333333,Spring
2006-10-31,18.8,11.882191666666667,Spring
2006-11-01,23.6,13.525794444444445,Spring
2006-11-02,20.5,2.2955027777777777,Spring
2006-11-03,19.1,13.596461111111111,Spring
2006-11-04,17.8,12.376116666666666,Spring
2006-11-05,17.8,13.535283333333332,Spring
2006-11-06,19.9,11.920972222222222,Spring
2006-11-07,15.7,11.924469444444444,Spring
2006-11-08,14.4,12.195699999999999,Spring
2006-11-09,18.9,13.802280555555555,Spring
2006-11-10,25.3,13.472502777777779,Spring
2006-11-11,22.1,13.858755555555554,Spring
2006-11-12,26.2,10.678413888888889,Spring
2006-11-13,15.1,11.097,Spring
2006-11-14,20.2,13.900805555555555,Spring
2006-11-15,11.3,13.839127777777778,Spring
2006-11-16,13.0,8.200825,Spring
2006-11-17,18.2,13.938675000000002,Spring
2006-11-18,26.9,13.950280555555556,Spring
2006-11-19,31.4,13.96133611111111,Spring
2006-11-20,34.3,13.275500000000001,Spring
2006-11-21,36.1,9.981730555555556,Spring
2006-11-22,23.5,12.366280555555555,Spring
2006-11-23,21.6,13.999686111111112,Spring
2006-11-24,25.2,14.0,Spring
2006-11-25,22.0,10.240038888888888,Spring
2006-11-26,18.6,14.0,Spring
2006-11-27,21.6,14.0,Spring
2006-11-28,22.7,14.0,Spring
2006-11-29,17.0,12.505958333333332,Spring
2006-11-30,31.1,11.827266666666668,Spring
2006-12-01,29.6,13.895961111111111,Summer
2006-12-02,16.5,14.0,Summer
2006-12-03,18.0,13.595030555555555,Summer
2006-12-04,24.8,14.069391666666666,Summer
2006-12-05,32.0,14.0,Summer
2006-12-06,22.0,11.954427777777779,Summer
2006-12-07,20.7,14.13888611111111,Summer
2006-12-08,25.9,14.223302777777777,Summer
2006-12-09,36.2,14.216822222222222,Summer
2006-12-10,39.7,13.853455555555556,Summer
2006-12-11,22.1,12.304244444444445,Summer
2006-12-12,18.5,14.290122222222223,Summer
2006-12-13,28.3,14.010019444444444,Summer
2006-12-14,33.3,12.0,Summer
2006-12-15,17.8,14.456986111111112,Summer
2006-12-16,19.6,14.451769444444444,Summer
2006-12-17,25.2,14.538308333333335,Summer
2006-12-18,25.9,13.992436111111111,Summer
2006-12-19,20.5,9.133286111111111,Summer
2006-12-20,27.3,14.60266111111111,Summer
2006-12-21,35.5,14.519066666666667,Summer
2006-12-22,31.9,8.785533333333333,Summer
2006-12-23,16.7,6.052769444444444,Summer
2006-12-24,19.0,12.446238888888889,Summer
2006-12-25,13.8,14.201627777777778,Summer
2006-12-26,15.9,6.70961111111111,Summer
2006-12-27,17.1,4.815355555555556,Summer
2006-12-28,18.7,13.232630555555556,Summer
2006-12-29,22.3,14.167633333333335,Summer
2006-12-30,27.5,13.919266666666667,Summer
2006-12-31,26.3,8.491305555555556,Summer
2007-01-01,27.4,13.850197222222222,Summer
2007-01-02,29.2,13.882594444444443,Summer
2007-01-03,30.7,14.523258333333334,Summer
2007-01-04,32.7,14.060669444444445,Summer
2007-01-05,33.9,11.206777777777779,Summer
2007-01-06,33.5,9.592958333333334,Summer
2007-01-07,23.3,7.140816666666666,Summer
2007-01-08,19.4,10.50448888888889,Summer
2007-01-09,25.1,14.458919444444444,Summer
2007-01-10,35.7,14.440513888888889,Summer
2007-01-11,33.0,14.421238888888888,Summer
2007-01-12,24.9,14.401133333333334,Summer
2007-01-13,20.7,13.753772222222223,Summer
2007-01-14,23.3,14.358555555555556,Summer
2007-01-15,25.6,12.840055555555555,Summer
2007-01-16,38.3,13.873105555555556,Summer
2007-01-17,33.0,5.07425,Summer
2007-01-18,31.4,10.6039,Summer
2007-01-19,30.8,4.004841666666667,Summer
2007-01-20,25.6,0.0,Summer
2007-01-21,24.5,11.092813888888887,Summer
2007-01-22,21.1,12.563255555555555,Summer
2007-01-23,25.8,13.838136111111112,Summer
2007-01-24,19.3,5.670708333333333,Summer
2007-01-25,20.0,13.773302777777777,Summer
2007-01-26,24.5,13.436158333333333,Summer
2007-01-27,16.4,13.072502777777778,Summer
2007-01-28,21.2,11.704080555555556,Summer
2007-01-29,23.4,10.401061111111112,Summer
2007-01-30,26.8,11.918172222222221,Summer
2007-01-31,19.3,12.861816666666668,Summer
2007-02-01,26.5,13.347016666666667,Summer
2007-02-02,33.4,13.276311111111111,Summer
2007-02-03,24.8,13.2059,Summer
2007-02-04,28.9,13.207705555555554,Summer
2007-02-05,34.2,13.152611111111112,Summer
2007-02-06,19.6,10.998583333333334,Summer
2007-02-07,21.4,7.995405555555555,Summer
2007-02-08,21.7,13.067147222222223,Summer
2007-02-09,30.6,12.379641666666666,Summer
2007-02-10,22.9,11.433952777777778,Summer
2007-02-11,25.6,12.173694444444445,Summer
2007-02-12,28.3,13.0,Summer
2007-02-13,29.9,13.0,Summer
2007-02-14,31.7,13.0,Summer
2007-02-15,32.5,13.0,Summer
2007-02-16,35.1,13.0,Summer
2007-02-17,35.3,13.0,Summer
2007-02-18,36.7,12.883338888888888,Summer
2007-02-19,27.3,13.0,Summer
2007-02-20,29.8,12.608733333333333,Summer
2007-02-21,29.9,11.106255555555554,Summer
2007-02-22,29.2,12.98498888888889,Summer
2007-02-23,29.7,12.967338888888888,Summer
2007-02-24,21.9,11.0,Summer
2007-02-25,22.1,12.93231388888889,Summer
2007-02-26,28.5,12.33908888888889,Summer
2007-02-27,24.5,6.995036111111111,Summer
2007-02-28,25.4,10.400727777777778,Summer
2007-03-01,24.6,10.728955555555554,Autumn
2007-03-02,27.9,10.959325,Autumn
2007-03-03,34.6,11.829819444444444,Autumn
2007-03-04,22.0,11.86048888888889,Autumn
2007-03-05,20.0,12.588708333333333,Autumn
2007-03-06,25.1,12.339425,Autumn
2007-03-07,30.3,12.566344444444443,Autumn
2007-03-08,19.9,10.196274999999998,Autumn
2007-03-09,23.0,12.484644444444445,Autumn
2007-03-10,29.8,12.099297222222223,Autumn
2007-03-11,23.6,11.283802777777778,Autumn
2007-03-12,19.2,8.936686111111111,Autumn
2007-03-13,22.1,12.319972222222223,Autumn
2007-03-14,29.2,11.6463,Autumn
2007-03-15,32.3,9.656169444444444,Autumn
2007-03-16,25.6,5.0,Autumn
2007-03-17,19.3,11.632525,Autumn
2007-03-18,21.3,11.587505555555556,Autumn
2007-03-19,24.5,11.431333333333335,Autumn
2007-03-20,23.0,0.28959166666666664,Autumn
2007-03-21,26.8,10.177766666666667,Autumn
2007-03-22,32.5,11.492580555555556,Autumn
2007-03-23,34.5,11.390866666666668,Autumn
2007-03-24,18.8,10.11817777777778,Autumn
2007-03-25,18.3,11.230786111111112,Autumn
2007-03-26,23.7,11.253,Autumn
2007-03-27,25.2,11.27196111111111,Autumn
2007-03-28,23.0,0.2153972222222222,Autumn
2007-03-29,20.1,10.28873611111111,Autumn
2007-03-30,16.9,9.855483333333332,Autumn
2007-03-31,17.3,8.580655555555555,Autumn
2007-04-01,22.7,11.0,Autumn
2007-04-02,20.0,4.815250000000001,Autumn
2007-04-03,17.4,9.929644444444445,Autumn
2007-04-04,18.8,11.0,Autumn
2007-04-05,17.3,11.0,Autumn
2007-04-06,19.5,9.572947222222222,Autumn
2007-04-07,19.4,11.02239722222222,Autumn
2007-04-08,24.1,10.999777777777776,Autumn
2007-04-09,25.6,10.975544444444445,Autumn
2007-04-10,26.1,9.779480555555555,Autumn
2007-04-11,20.0,10.927961111111111,Autumn
2007-04-12,20.5,9.173747222222222,Autumn
2007-04-13,26.1,10.474491666666665,Autumn
2007-04-14,25.9,10.664286111111112,Autumn
2007-04-15,23.0,10.585352777777777,Autumn
2007-04-16,18.3,6.0760749999999994,Autumn
2007-04-17,24.3,10.16938611111111,Autumn
2007-04-18,22.1,10.540891666666667,Autumn
2007-04-19,21.7,5.32853888888889,Autumn
2007-04-20,24.5,10.720202777777779,Autumn
2007-04-21,19.4,5.947352777777778,Autumn
2007-04-22,18.6,9.346630555555556,Autumn
2007-04-23,19.6,10.654344444444444,Autumn
2007-04-24,20.2,10.617983333333333,Autumn
2007-04-25,19.9,10.611288888888888,Autumn
2007-04-26,19.9,9.665183333333335,Autumn
2007-04-27,19.7,2.1814833333333334,Autumn
2007-04-28,19.8,8.572175,Autumn
2007-04-29,19.1,5.171555555555555,Autumn
2007-04-30,18.7,9.008336111111111,Autumn
2007-05-01,20.4,9.684602777777778,Autumn
2007-05-02,20.5,7.120558333333333,Autumn
2007-05-03,20.6,6.528397222222222,Autumn
2007-05-04,19.5,7.955613888888888,Autumn
2007-05-05,20.1,9.336427777777777,Autumn
2007-05-06,18.7,8.117761111111111,Autumn
2007-05-07,22.0,9.29258611111111,Autumn
2007-05-08,17.9,9.56716111111111,Autumn
2007-05-09,15.0,8.385372222222223,Autumn
2007-05-10,16.2,9.781966666666667,Autumn
2007-05-11,16.7,9.784927777777778,Autumn
2007-05-12,21.0,8.655536111111111,Autumn
2007-05-13,21.6,9.615786111111111,Autumn
2007-05-14,22.6,9.53566388888889,Autumn
2007-05-15,19.9,3.867725,Autumn
2007-05-16,20.4,6.199027777777777,Autumn
2007-05-17,19.4,3.0683361111111114,Autumn
2007-05-18,15.4,3.0889055555555553,Autumn
2007-05-19,16.3,8.336341666666668,Autumn
2007-05-20,16.6,8.824097222222223,Autumn
2007-05-21,14.7,9.055416666666666,Autumn
2007-05-22,14.6,9.048591666666667,Autumn
2007-05-23,16.8,9.145461111111112,Autumn
2007-05-24,17.5,9.440080555555555,Autumn
2007-05-25,17.9,9.264327777777778,Autumn
2007-05-26,17.6,9.45558888888889,Autumn
2007-05-27,17.6,9.46321388888889,Autumn
2007-05-28,18.2,2.9554722222222223,Autumn
2007-05-29,19.0,5.108486111111111,Autumn
2007-05-30,13.9,9.300291666666668,Autumn
2007-05-31,12.5,3.9779972222222226,Autumn
2007-06-01,13.1,9.189191666666666,Winter
2007-06-02,14.2,7.661377777777777,Winter
2007-06-03,13.5,8.916411111111112,Winter
2007-06-04,12.5,9.146283333333335,Winter
2007-06-05,12.9,8.059825,Winter
2007-06-06,13.4,8.044786111111112,Winter
2007-06-07,13.7,8.560005555555556,Winter
2007-06-08,12.9,9.07408888888889,Winter
2007-06-09,14.8,9.0,Winter
2007-06-10,14.3,6.9495000000000005,Winter
2007-06-11,11.5,6.738238888888889,Winter
2007-06-12,11.4,8.281227777777778,Winter
2007-06-13,11.3,9.001097222222223,Winter
2007-06-14,12.1,8.035480555555555,Winter
2007-06-15,12.7,8.930977777777779,Winter
2007-06-16,11.1,4.6455472222222225,Winter
2007-06-17,11.9,5.8617,Winter
2007-06-18,10.0,9.0,Winter
2007-06-19,11.2,8.677116666666667,Winter
2007-06-20,10.8,8.083555555555556,Winter
2007-06-21,10.8,9.0,Winter
2007-06-22,11.4,1.18265,Winter
2007-06-23,11.8,6.855455555555555,Winter
2007-06-24,11.4,7.811269444444444,Winter
2007-06-25,12.3,6.126019444444444,Winter
2007-06-26,12.0,8.0,Winter
2007-06-27,11.4,0.0,Winter
2007-06-28,13.0,8.460747222222222,Winter
2007-06-29,12.5,4.946872222222223,Winter
2007-06-30,11.9,9.0,Winter
2007-07-01,14.8,9.0,Winter
2007-07-02,13.3,7.861502777777778,Winter
2007-07-03,14.9,9.0,Winter
2007-07-04,13.6,9.0,Winter
2007-07-05,11.3,5.399222222222223,Winter
2007-07-06,9.3,5.597730555555556,Winter
2007-07-07,9.5,4.427155555555555,Winter
2007-07-08,12.4,8.495197222222222,Winter
2007-07-09,13.1,9.0,Winter
2007-07-10,10.9,8.826858333333332,Winter
2007-07-11,12.0,9.012966666666667,Winter
2007-07-12,11.1,8.7395,Winter
2007-07-13,10.6,7.048622222222223,Winter
2007-07-14,11.1,9.002297222222222,Winter
2007-07-15,10.7,9.0,Winter
2007-07-16,12.5,9.085866666666666,Winter
2007-07-17,7.6,2.0847722222222225,Winter
2007-07-18,9.7,8.510983333333334,Winter
2007-07-19,11.4,8.81055,Winter
2007-07-20,11.3,9.0,Winter
2007-07-21,10.3,6.056052777777778,Winter
2007-07-22,13.1,9.144722222222223,Winter
2007-07-23,13.7,8.138300000000001,Winter
2007-07-24,15.5,9.133416666666667,Winter
2007-07-25,16.3,9.214975,Winter
2007-07-26,15.0,9.0,Winter
2007-07-27,14.1,8.270377777777778,Winter
2007-07-28,12.9,8.905158333333333,Winter
2007-07-29,12.0,2.495411111111111,Winter
2007-07-30,13.0,3.2290277777777776,Winter
2007-07-31,13.5,8.491958333333333,Winter
2007-08-01,15.5,8.396916666666668,Winter
2007-08-02,14.5,8.658536111111111,Winter
2007-08-03,10.9,9.689477777777778,Winter
2007-08-04,12.5,9.026933333333334,Winter
2007-08-05,13.0,8.600069444444445,Winter
2007-08-06,14.4,6.558544444444444,Winter
2007-08-07,14.8,9.674241666666665,Winter
2007-08-08,15.4,9.26756388888889,Winter
2007-08-09,14.9,1.9056833333333334,Winter
2007-08-10,15.4,5.981694444444444,Winter
2007-08-11,15.5,1.3521555555555556,Winter
2007-08-12,10.9,9.525258333333333,Winter
2007-08-13,10.6,10.332033333333333,Winter
2007-08-14,13.3,10.34313611111111,Winter
2007-08-15,15.1,10.489316666666667,Winter
2007-08-16,15.0,3.902197222222222,Winter
2007-08-17,13.7,6.964644444444445,Winter
2007-08-18,12.8,10.220541666666666,Winter
2007-08-19,12.3,9.851611111111112,Winter
2007-08-20,13.5,10.074569444444444,Winter
2007-08-21,13.1,5.517708333333333,Winter
2007-08-22,13.1,9.20577777777778,Winter
2007-08-23,16.1,10.776216666666667,Winter
2007-08-24,17.4,10.790397222222222,Winter
2007-08-25,19.2,10.804561111111111,Winter
2007-08-26,19.8,10.72585,Winter
2007-08-27,22.0,10.337927777777779,Winter
2007-08-28,18.6,10.846886111111111,Winter
2007-08-29,16.9,10.860927777777777,Winter
2007-08-30,20.9,10.874930555555556,Winter
2007-08-31,18.3,6.173586111111111,Winter
2007-09-01,16.4,10.902897222222222,Spring
2007-09-02,18.2,10.91686111111111,Spring
2007-09-03,12.0,10.930822222222222,Spring
2007-09-04,14.3,10.944772222222221,Spring
2007-09-05,16.3,10.9674,Spring
2007-09-06,17.7,10.972663888888889,Spring
2007-09-07,18.2,10.577377777777777,Spring
2007-09-08,18.3,11.051552777777777,Spring
2007-09-09,17.8,9.955466666666666,Spring
2007-09-10,19.4,10.456936111111112,Spring
2007-09-11,14.5,8.500027777777778,Spring
2007-09-12,15.5,11.0,Spring
2007-09-13,20.1,10.868766666666666,Spring
2007-09-14,17.3,7.552183333333334,Spring
2007-09-15,16.5,11.365177777777777,Spring
2007-09-16,20.1,8.330172222222222,Spring
2007-09-17,14.8,10.931144444444445,Spring
2007-09-18,20.0,11.644191666666666,Spring
2007-09-19,18.5,8.85365,Spring
2007-09-20,13.4,10.380655555555556,Spring
2007-09-21,17.0,10.74331111111111,Spring
2007-09-22,15.1,11.746319444444444,Spring
2007-09-23,19.2,11.7064,Spring
2007-09-24,15.3,11.798213888888888,Spring
2007-09-25,16.9,11.719452777777777,Spring
2007-09-26,18.3,1.2422638888888888,Spring
2007-09-27,18.8,9.563830555555557,Spring
2007-09-28,14.2,10.259827777777778,Spring
2007-09-29,15.0,8.083408333333333,Spring
2007-09-30,18.1,3.7176972222222218,Spring
2007-10-01,19.2,11.980855555555555,Spring
2007-10-02,21.6,12.0,Spring
2007-10-03,18.5,11.528408333333333,Spring
2007-10-04,17.0,8.660880555555556,Spring
2007-10-05,20.4,9.847927777777779,Spring
2007-10-06,13.2,11.874683333333333,Spring
2007-10-07,14.4,12.115300000000001,Spring
2007-10-08,15.2,12.107955555555556,Spring
2007-10-09,15.3,12.262858333333334,Spring
2007-10-10,22.3,11.260958333333333,Spring
2007-10-11,20.7,10.069177777777778,Spring
2007-10-12,13.6,12.159641666666666,Spring
2007-10-13,14.4,8.148272222222221,Spring
2007-10-14,20.2,11.476458333333333,Spring
2007-10-15,26.5,12.302077777777779,Spring
2007-10-16,17.6,12.375116666666667,Spring
2007-10-17,15.6,12.574213888888888,Spring
2007-10-18,24.5,12.491591666666668,Spring
2007-10-19,20.1,12.606786111111111,Spring
2007-10-20,27.5,12.896530555555556,Spring
2007-10-21,33.0,12.091925,Spring
2007-10-22,24.0,5.06291388888889,Spring
2007-10-23,15.0,12.236180555555556,Spring
2007-10-24,17.0,12.412108333333332,Spring
2007-10-25,15.1,4.810083333333333,Spring
2007-10-26,16.7,1.3490833333333332,Spring
2007-10-27,27.5,11.714575,Spring
2007-10-28,25.6,7.757372222222222,Spring
2007-10-29,19.8,13.377127777777778,Spring
2007-10-30,20.1,11.652019444444443,Spring
2007-10-31,18.7,10.8731,Spring
2007-11-01,24.8,10.259755555555556,Spring
2007-11-02,18.3,7.596402777777778,Spring
2007-11-03,19.8,10.460374999999999,Spring
2007-11-04,14.2,0.5297083333333333,Spring
2007-11-05,16.3,12.65725,Spring
2007-11-06,19.0,12.708288888888887,Spring
2007-11-07,19.6,13.727277777777777,Spring
2007-11-08,19.2,13.761791666666666,Spring
2007-11-09,23.0,13.795913888888888,Spring
2007-11-10,24.0,13.829608333333333,Spring
2007-11-11,22.9,13.85648611111111,Spring
2007-11-12,17.8,10.279580555555555,Spring
2007-11-13,21.0,10.546266666666666,Spring
2007-11-14,20.7,12.834180555555557,Spring
2007-11-15,21.4,13.912052777777777,Spring
2007-11-16,28.5,13.924583333333333,Spring
2007-11-17,26.9,13.919538888888887,Spring
2007-11-18,32.0,13.9164,Spring
2007-11-19,33.3,13.95856388888889,Spring
2007-11-20,36.6,11.72925,Spring
2007-11-21,17.1,0.0,Spring
2007-11-22,17.3,9.610916666666668,Spring
2007-11-23,18.1,13.996419444444445,Spring
2007-11-24,21.3,14.0,Spring
2007-11-25,19.1,13.392444444444445,Spring
2007-11-26,19.2,13.197319444444444,Spring
2007-11-27,27.7,13.760702777777777,Spring
2007-11-28,27.7,10.464250000000002,Spring
2007-11-29,24.9,8.334827777777779,Spring
2007-11-30,25.0,14.010772222222222,Spring
2007-12-01,24.9,13.863016666666667,Summer
2007-12-02,30.4,12.817605555555556,Summer
2007-12-03,27.0,11.463672222222222,Summer
2007-12-04,21.2,13.318563888888889,Summer
2007-12-05,22.7,14.063661111111111,Summer
2007-12-06,30.5,14.0,Summer
2007-12-07,25.5,9.049980555555555,Summer
2007-12-08,25.1,14.043458333333332,Summer
2007-12-09,26.5,12.336433333333334,Summer
2007-12-10,17.5,13.928347222222223,Summer
2007-12-11,19.4,14.115733333333333,Summer
2007-12-12,22.9,14.250941666666666,Summer
2007-12-13,28.3,13.268316666666667,Summer
2007-12-14,31.9,14.189200000000001,Summer
2007-12-15,24.4,2.3486277777777778,Summer
2007-12-16,18.5,12.854647222222223,Summer
2007-12-17,22.6,14.447363888888889,Summer
2007-12-18,27.5,12.867247222222222,Summer
2007-12-19,29.2,8.411869444444445,Summer
2007-12-20,27.2,12.11811111111111,Summer
2007-12-21,30.8,7.0,Summer
2007-12-22,21.1,8.274016666666666,Summer
2007-12-23,17.1,9.87390277777778,Summer
2007-12-24,15.8,11.376997222222222,Summer
2007-12-25,18.1,14.478941666666667,Summer
2007-12-26,22.3,14.008325000000001,Summer
2007-12-27,21.8,14.61113611111111,Summer
2007-12-28,32.4,14.605749999999999,Summer
2007-12-29,35.7,14.517469444444444,Summer
2007-12-30,26.1,13.747175,Summer
2007-12-31,37.6,13.912672222222223,Summer
2008-01-01,37.5,14.57381111111111,Summer
2008-01-02,21.1,14.563158333333334,Summer
2008-01-03,29.7,14.551488888888889,Summer
2008-01-04,33.3,14.538833333333335,Summer
2008-01-05,35.0,14.525213888888889,Summer
2008-01-06,25.3,14.51066111111111,Summer
2008-01-07,22.4,14.495202777777779,Summer
2008-01-08,22.7,14.478866666666667,Summer
2008-01-09,26.6,14.461675,Summer
2008-01-10,38.3,14.443661111111112,Summer
2008-01-11,35.5,13.887897222222222,Summer
2008-01-12,25.5,14.405275,Summer
2008-01-13,21.0,11.600080555555556,Summer
2008-01-14,21.9,14.363919444444445,Summer
2008-01-15,30.4,14.342194444444445,Summer
2008-01-16,22.3,11.291508333333333,Summer
2008-01-17,23.6,13.44485,Summer
2008-01-18,29.5,5.330422222222222,Summer
2008-01-19,21.2,0.5106722222222222,Summer
2008-01-20,21.9,9.0,Summer
2008-01-21,21.5,11.15311111111111,Summer
2008-01-22,21.3,13.471869444444446,Summer
2008-01-23,25.4,13.835416666666667,Summer
2008-01-24,25.9,3.9009722222222223,Summer
2008-01-25,28.5,12.452694444444443,Summer
2008-01-26,32.7,13.608680555555555,Summer
2008-01-27,25.8,12.191733333333334,Summer
2008-01-28,25.0,13.135780555555556,Summer
2008-01-29,24.8,11.214280555555556,Summer
2008-01-30,26.6,13.3149,Summer
2008-01-31,18.6,4.500283333333334,Summer
2008-02-01,24.0,13.344147222222222,Summer
2008-02-02,26.6,12.986622222222222,Summer
2008-02-03,25.9,10.473975,Summer
2008-02-04,29.5,13.0,Summer
2008-02-05,24.6,9.921713888888888,Summer
2008-02-06,23.3,9.978933333333334,Summer
2008-02-07,18.2,8.783133333333334,Summer
2008-02-08,17.8,9.916613888888888,Summer
2008-02-09,18.8,12.226183333333333,Summer
2008-02-10,20.9,13.0,Summer
2008-02-11,25.4,12.963947222222222,Summer
2008-02-12,20.4,9.213783333333334,Summer
2008-02-13,18.0,9.291552777777778,Summer
2008-02-14,20.2,12.35193888888889,Summer
2008-02-15,24.5,13.0,Summer
2008-02-16,27.5,13.0,Summer
2008-02-17,31.7,13.0,Summer
2008-02-18,31.4,13.0,Summer
2008-02-19,33.6,13.0,Summer
2008-02-20,26.3,0.0,Summer
2008-02-21,25.6,12.401388888888889,Summer
2008-02-22,24.0,5.4361194444444445,Summer
2008-02-23,19.3,11.988508333333332,Summer
2008-02-24,18.5,12.699447222222222,Summer
2008-02-25,21.3,12.935944444444445,Summer
2008-02-26,22.2,12.767419444444444,Summer
2008-02-27,21.2,11.898294444444444,Summer
2008-02-28,16.6,12.858669444444445,Summer
2008-02-29,17.5,12.76681111111111,Summer
2008-03-01,21.3,12.778577777777777,Autumn
2008-03-02,27.0,12.738175,Autumn
2008-03-03,30.6,12.697580555555556,Autumn
2008-03-04,22.0,10.202900000000001,Autumn
2008-03-05,27.9,12.615919444444444,Autumn
2008-03-06,24.8,12.4773,Autumn
2008-03-07,22.5,8.733455555555555,Autumn
2008-03-08,29.4,12.492719444444445,Autumn
2008-03-09,32.4,12.451580555555557,Autumn
2008-03-10,36.4,12.410452777777778,Autumn
2008-03-11,22.2,10.496583333333332,Autumn
2008-03-12,25.6,10.661741666666666,Autumn
2008-03-13,36.1,11.633369444444444,Autumn
2008-03-14,37.8,12.246622222222221,Autumn
2008-03-15,33.2,10.875730555555554,Autumn
2008-03-16,37.1,12.052969444444445,Autumn
2008-03-17,37.0,12.04946111111111,Autumn
2008-03-18,31.3,11.52881388888889,Autumn
2008-03-19,22.5,11.526494444444443,Autumn
2008-03-20,21.8,8.454130555555555,Autumn
2008-03-21,18.1,11.2807,Autumn
2008-03-22,24.7,10.930227777777779,Autumn
2008-03-23,26.8,11.205291666666668,Autumn
2008-03-24,25.7,9.750680555555554,Autumn
2008-03-25,24.5,9.029955555555556,Autumn
2008-03-26,17.6,10.533638888888888,Autumn
2008-03-27,15.3,11.02438888888889,Autumn
2008-03-28,17.0,11.032152777777778,Autumn
2008-03-29,15.5,4.560633333333333,Autumn
2008-03-30,19.0,10.489183333333333,Autumn
2008-03-31,17.8,10.626652777777776,Autumn
2008-04-01,24.1,11.063236111111111,Autumn
2008-04-02,23.7,6.395675,Autumn
2008-04-03,15.0,10.387783333333333,Autumn
2008-04-04,20.4,9.23311111111111,Autumn
2008-04-05,19.1,11.0,Autumn
2008-04-06,19.4,11.0,Autumn
2008-04-07,22.0,10.66966388888889,Autumn
2008-04-08,24.7,10.983730555555555,Autumn
2008-04-09,23.0,9.962072222222222,Autumn
2008-04-10,25.5,9.038466666666666,Autumn
2008-04-11,26.5,10.911800000000001,Autumn
2008-04-12,21.6,10.887930555555556,Autumn
2008-04-13,15.7,10.680558333333334,Autumn
2008-04-14,17.0,9.80508611111111,Autumn
2008-04-15,17.9,10.816975,Autumn
2008-04-16,17.3,10.793630555555556,Autumn
2008-04-17,17.7,9.118166666666667,Autumn
2008-04-18,20.3,10.74755,Autumn
2008-04-19,23.0,10.724869444444444,Autumn
2008-04-20,21.1,10.702461111111111,Autumn
2008-04-21,18.2,8.820247222222221,Autumn
2008-04-22,18.5,10.658577777777777,Autumn
2008-04-23,19.4,8.962605555555555,Autumn
2008-04-24,23.1,10.616116666666667,Autumn
2008-04-25,23.7,10.037466666666665,Autumn
2008-04-26,19.2,9.463225,Autumn
2008-04-27,14.3,7.380655555555555,Autumn
2008-04-28,12.7,10.198086111111111,Autumn
2008-04-29,14.5,9.811036111111113,Autumn
2008-04-30,15.8,7.847277777777778,Autumn
2008-05-01,12.5,1.2446277777777777,Autumn
2008-05-02,16.1,10.007127777777779,Autumn
2008-05-03,15.8,8.648272222222221,Autumn
2008-05-04,18.7,9.090633333333333,Autumn
2008-05-05,17.3,7.7842722222222225,Autumn
2008-05-06,18.3,6.822472222222222,Autumn
2008-05-07,15.8,5.350555555555555,Autumn
2008-05-08,16.7,7.341313888888889,Autumn
2008-05-09,16.7,7.2977083333333335,Autumn
2008-05-10,16.9,6.0602,Autumn
2008-05-11,15.0,6.910997222222222,Autumn
2008-05-12,14.8,9.031938888888888,Autumn
2008-05-13,15.7,9.028719444444445,Autumn
2008-05-14,18.3,9.711991666666666,Autumn
2008-05-15,19.6,9.69788611111111,Autumn
2008-05-16,16.8,8.18585,Autumn
2008-05-17,14.8,0.48318055555555556,Autumn
2008-05-18,13.2,7.847397222222223,Autumn
2008-05-19,16.0,8.498622222222222,Autumn
2008-05-20,16.5,6.631475,Autumn
2008-05-21,13.7,9.421908333333334,Autumn
2008-05-22,12.5,9.601791666666665,Autumn
2008-05-23,13.2,9.588397222222223,Autumn
2008-05-24,15.2,8.916455555555556,Autumn
2008-05-25,17.4,7.237994444444444,Autumn
2008-05-26,17.1,9.185730555555555,Autumn
2008-05-27,13.8,1.4294722222222223,Autumn
2008-05-28,13.8,4.9142166666666665,Autumn
2008-05-29,15.3,7.126852777777778,Autumn
2008-05-30,17.1,9.306097222222222,Autumn
2008-05-31,15.0,9.127077777777778,Autumn
2008-06-01,13.8,7.992177777777778,Winter
2008-06-02,15.5,9.139191666666665,Winter
2008-06-03,13.8,7.6444527777777775,Winter
2008-06-04,13.8,0.19958333333333333,Winter
2008-06-05,16.5,8.924525000000001,Winter
2008-06-06,13.5,2.7242499999999996,Winter
2008-06-07,14.4,6.327625,Winter
2008-06-08,16.7,6.234730555555555,Winter
2008-06-09,14.9,0.0,Winter
2008-06-10,15.2,6.7634388888888894,Winter
2008-06-11,17.2,8.579972222222223,Winter
2008-06-12,16.4,7.661322222222222,Winter
2008-06-13,11.9,9.003852777777778,Winter
2008-06-14,13.2,3.383830555555556,Winter
2008-06-15,12.4,8.685580555555555,Winter
2008-06-16,15.2,9.01408611111111,Winter
2008-06-17,16.3,9.017066666666667,Winter
2008-06-18,15.8,0.023377777777777775,Winter
2008-06-19,13.6,1.1766472222222224,Winter
2008-06-20,13.5,7.154552777777778,Winter
2008-06-21,12.9,6.674880555555555,Winter
2008-06-22,12.6,8.004627777777777,Winter
2008-06-23,14.9,5.755152777777778,Winter
2008-06-24,14.6,7.746655555555555,Winter
2008-06-25,14.3,9.0,Winter
2008-06-26,14.2,9.0,Winter
2008-06-27,15.6,8.903286111111111,Winter
2008-06-28,14.8,6.994180555555555,Winter
2008-06-29,13.1,0.5076166666666667,Winter
2008-06-30,12.1,6.6151277777777775,Winter
2008-07-01,13.3,8.624208333333334,Winter
2008-07-02,13.0,8.927458333333332,Winter
2008-07-03,12.7,8.326638888888889,Winter
2008-07-04,11.9,8.751344444444445,Winter
2008-07-05,14.6,9.026022222222222,Winter
2008-07-06,14.3,8.810175000000001,Winter
2008-07-07,11.1,0.044188888888888896,Winter
2008-07-08,10.0,5.152169444444445,Winter
2008-07-09,12.0,8.213077777777778,Winter
2008-07-10,10.6,7.661408333333333,Winter
2008-07-11,11.6,8.978783333333332,Winter
2008-07-12,9.9,3.387880555555556,Winter
2008-07-13,12.8,6.21055,Winter
2008-07-14,16.6,9.0,Winter
2008-07-15,14.3,8.851966666666668,Winter
2008-07-16,13.3,4.090613888888889,Winter
2008-07-17,13.5,8.370377777777778,Winter
2008-07-18,11.1,4.0,Winter
2008-07-19,13.2,9.0,Winter
2008-07-20,11.8,2.219825,Winter
2008-07-21,11.0,9.0,Winter
2008-07-22,11.0,9.0,Winter
2008-07-23,11.2,9.003499999999999,Winter
2008-07-24,13.5,7.485202777777777,Winter
2008-07-25,14.0,9.11856388888889,Winter
2008-07-26,14.0,8.29823611111111,Winter
2008-07-27,9.3,3.856286111111111,Winter
2008-07-28,11.4,9.152875,Winter
2008-07-29,12.6,9.266680555555556,Winter
2008-07-30,13.8,9.202841666666668,Winter
2008-07-31,14.7,9.249341666666666,Winter
2008-08-01,12.0,7.648163888888889,Winter
2008-08-02,12.4,8.944316666666667,Winter
2008-08-03,13.1,9.499227777777778,Winter
2008-08-04,13.5,7.0070194444444445,Winter
2008-08-05,12.0,7.278572222222222,Winter
2008-08-06,14.6,8.999758333333334,Winter
2008-08-07,13.1,9.42783611111111,Winter
2008-08-08,13.0,8.366013888888888,Winter
2008-08-09,12.6,9.951197222222222,Winter
2008-08-10,9.7,9.107036111111112,Winter
2008-08-11,11.0,9.21501388888889,Winter
2008-08-12,11.8,9.771766666666666,Winter
2008-08-13,11.4,9.294325,Winter
2008-08-14,12.3,9.983325,Winter
2008-08-15,12.3,6.783341666666666,Winter
2008-08-16,10.7,9.197955555555556,Winter
2008-08-17,11.1,9.759033333333333,Winter
2008-08-18,11.3,10.146394444444443,Winter
2008-08-19,14.1,7.865805555555556,Winter
2008-08-20,14.7,2.2008972222222223,Winter
2008-08-21,9.7,0.4953111111111111,Winter
2008-08-22,9.8,10.769061111111112,Winter
2008-08-23,11.7,9.732711111111112,Winter
2008-08-24,12.5,9.42243611111111,Winter
2008-08-25,13.4,7.229688888888889,Winter
2008-08-26,15.6,10.806252777777779,Winter
2008-08-27,13.1,10.84313611111111,Winter
2008-08-28,13.4,9.82465,Winter
2008-08-29,16.9,8.873716666666667,Winter
2008-08-30,16.0,6.0,Winter
2008-08-31,14.0,9.755152777777779,Winter
2008-09-01,14.4,9.0,Spring
2008-09-02,14.4,10.927130555555555,Spring
2008-09-03,13.0,10.94111111111111,Spring
2008-09-04,16.0,10.95508888888889,Spring
2008-09-05,16.6,10.969063888888888,Spring
2008-09-06,16.5,10.983041666666665,Spring
2008-09-07,13.8,8.121599999999999,Spring
2008-09-08,11.9,10.825763888888888,Spring
2008-09-09,11.9,9.960077777777778,Spring
2008-09-10,16.7,11.0,Spring
2008-09-11,17.8,11.00216111111111,Spring
2008-09-12,21.6,11.0,Spring
2008-09-13,22.9,11.0,Spring
2008-09-14,18.6,11.0,Spring
2008-09-15,15.3,11.295830555555556,Spring
2008-09-16,11.9,8.08235,Spring
2008-09-17,16.9,11.00586388888889,Spring
2008-09-18,18.1,6.7614527777777775,Spring
2008-09-19,22.6,11.688216666666667,Spring
2008-09-20,16.5,11.714433333333334,Spring
2008-09-21,18.5,11.740716666666668,Spring
2008-09-22,22.3,7.171819444444444,Spring
2008-09-23,15.4,11.793352777777777,Spring
2008-09-24,16.0,11.819652777777778,Spring
2008-09-25,21.0,11.845897222222224,Spring
2008-09-26,25.0,11.872063888888889,Spring
2008-09-27,26.7,11.898119444444445,Spring
2008-09-28,18.5,10.54625,Spring
2008-09-29,12.6,9.949783333333334,Spring
2008-09-30,15.1,11.975333333333333,Spring
2008-10-01,20.3,9.094658333333333,Spring
2008-10-02,23.1,12.065425,Spring
2008-10-03,24.3,6.601169444444444,Spring
2008-10-04,14.2,9.804166666666667,Spring
2008-10-05,20.7,12.124319444444446,Spring
2008-10-06,12.8,10.641711111111112,Spring
2008-10-07,14.2,8.461325,Spring
2008-10-08,15.9,12.183366666666668,Spring
2008-10-09,17.8,12.257233333333334,Spring
2008-10-10,22.6,12.249963888888889,Spring
2008-10-11,24.9,12.161319444444445,Spring
2008-10-12,27.9,12.235386111111112,Spring
2008-10-13,20.8,11.88466388888889,Spring
2008-10-14,15.1,10.717372222222222,Spring
2008-10-15,16.4,9.388608333333332,Spring
2008-10-16,20.0,11.055483333333333,Spring
2008-10-17,21.0,12.586372222222224,Spring
2008-10-18,29.5,11.913263888888888,Spring
2008-10-19,20.1,12.019372222222222,Spring
2008-10-20,15.5,12.491627777777778,Spring
2008-10-21,15.4,9.331850000000001,Spring
2008-10-22,14.9,12.747630555555556,Spring
2008-10-23,18.6,13.167905555555555,Spring
2008-10-24,24.7,8.701658333333334,Spring
2008-10-25,29.0,10.819827777777776,Spring
2008-10-26,29.3,4.947427777777778,Spring
2008-10-27,19.9,9.832047222222222,Spring
2008-10-28,18.1,12.770219444444445,Spring
2008-10-29,22.6,12.835802777777777,Spring
2008-10-30,30.4,10.136369444444444,Spring
2008-10-31,20.2,4.935447222222223,Spring
2008-11-01,19.3,12.603180555555555,Spring
2008-11-02,28.5,9.076594444444446,Spring
2008-11-03,17.4,11.013486111111112,Spring
2008-11-04,16.0,12.894016666666666,Spring
2008-11-05,24.2,8.074830555555556,Spring
2008-11-06,21.6,13.720736111111112,Spring
2008-11-07,20.4,0.0,Spring
2008-11-08,17.9,11.059533333333333,Spring
2008-11-09,23.8,13.822252777777777,Spring
2008-11-10,22.9,13.853913888888888,Spring
2008-11-11,29.1,13.868291666666666,Spring
2008-11-12,32.2,13.882072222222222,Spring
2008-11-13,31.7,9.123744444444446,Spring
2008-11-14,16.8,5.287883333333333,Spring
2008-11-15,19.5,13.920466666666666,Spring
2008-11-16,15.5,9.272625,Spring
2008-11-17,18.3,13.943858333333333,Spring
2008-11-18,18.6,7.572436111111111,Spring
2008-11-19,21.4,4.118047222222222,Spring
2008-11-20,16.1,0.4335694444444444,Spring
2008-11-21,20.3,11.948933333333335,Spring
2008-11-22,13.2,11.633383333333333,Spring
2008-11-23,15.7,12.690744444444444,Spring
2008-11-24,15.6,4.059075,Spring
2008-11-25,23.9,14.0,Spring
2008-11-26,27.4,14.0,Spring
2008-11-27,28.1,13.320077777777778,Spring
2008-11-28,19.5,8.232461111111112,Spring
2008-11-29,18.4,12.596708333333334,Spring
2008-11-30,23.0,10.685283333333333,Spring
2008-12-01,19.0,14.0,Summer
2008-12-02,20.1,8.188455555555555,Summer
2008-12-03,18.2,12.338144444444444,Summer
2008-12-04,22.9,8.932347222222223,Summer
2008-12-05,29.0,14.059641666666666,Summer
2008-12-06,25.2,14.0,Summer
2008-12-07,17.5,14.045722222222222,Summer
2008-12-08,21.7,14.038905555555555,Summer
2008-12-09,20.0,7.115597222222223,Summer
2008-12-10,17.6,14.299691666666666,Summer
2008-12-11,22.4,14.110600000000002,Summer
2008-12-12,21.3,1.7235805555555557,Summer
2008-12-13,16.4,0.0,Summer
2008-12-14,17.5,13.636105555555556,Summer
2008-12-15,17.7,13.416269444444444,Summer
2008-12-16,18.4,9.61443888888889,Summer
2008-12-17,18.8,6.431394444444445,Summer
2008-12-18,18.1,10.991141666666667,Summer
2008-12-19,15.1,14.158136111111112,Summer
2008-12-20,19.7,14.428725000000002,Summer
2008-12-21,27.2,14.0,Summer
2008-12-22,31.5,14.442194444444445,Summer
2008-12-23,18.3,9.51248611111111,Summer
2008-12-24,22.4,14.619775,Summer
2008-12-25,21.9,13.646922222222221,Summer
2008-12-26,27.4,14.367816666666666,Summer
2008-12-27,27.9,13.950625,Summer
2008-12-28,27.6,13.974230555555556,Summer
2008-12-29,19.0,10.928755555555554,Summer
2008-12-30,21.7,12.84498611111111,Summer
2008-12-31,22.0,13.799833333333334,Summer
2009-01-01,17.8,14.157469444444445,Summer
2009-01-02,16.0,14.115297222222223,Summer
2009-01-03,19.9,14.19491388888889,Summer
2009-01-04,26.3,14.527672222222224,Summer
2009-01-05,25.3,14.125833333333333,Summer
2009-01-06,27.7,14.498694444444446,Summer
2009-01-07,21.1,8.50655,Summer
2009-01-08,17.0,14.466344444444443,Summer
2009-01-09,19.9,13.511533333333333,Summer
2009-01-10,22.9,13.67457777777778,Summer
2009-01-11,23.1,10.171294444444445,Summer
2009-01-12,24.1,14.379908333333333,Summer
2009-01-13,35.8,14.371344444444443,Summer
2009-01-14,30.5,14.255275,Summer
2009-01-15,22.3,10.295816666666667,Summer
2009-01-16,18.4,13.593747222222222,Summer
2009-01-17,19.4,13.852475,Summer
2009-01-18,24.0,14.253852777777778,Summer
2009-01-19,34.9,14.227919444444446,Summer
2009-01-20,38.0,13.806727777777779,Summer
2009-01-21,28.8,13.822208333333332,Summer
2009-01-22,34.2,11.018811111111111,Summer
2009-01-23,30.8,13.845047222222222,Summer
2009-01-24,21.9,12.224108333333334,Summer
2009-01-25,26.5,13.780822222222222,Summer
2009-01-26,24.7,13.793086111111112,Summer
2009-01-27,35.2,13.544413888888888,Summer
2009-01-28,41.3,13.644597222222224,Summer
2009-01-29,42.8,13.311563888888887,Summer
2009-01-30,42.7,13.053041666666665,Summer
2009-01-31,30.8,13.098199999999999,Summer
2009-02-01,33.5,12.93248611111111,Summer
2009-02-02,28.4,8.306325,Summer
2009-02-03,29.5,11.80096111111111,Summer
2009-02-04,30.0,12.716330555555556,Summer
2009-02-05,29.5,13.13226388888889,Summer
2009-02-06,30.5,13.0,Summer
2009-02-07,44.2,12.973883333333335,Summer
2009-02-08,21.8,12.565119444444445,Summer
2009-02-09,19.0,12.620474999999999,Summer
2009-02-10,17.8,12.761019444444443,Summer
2009-02-11,17.7,12.177911111111111,Summer
2009-02-12,20.9,11.10356111111111,Summer
2009-02-13,26.2,13.0,Summer
2009-02-14,26.8,13.0,Summer
2009-02-15,27.3,13.0,Summer
2009-02-16,28.2,13.0,Summer
2009-02-17,29.5,13.0,Summer
2009-02-18,28.7,13.0,Summer
2009-02-19,29.0,13.0,Summer
2009-02-20,23.3,12.448772222222223,Summer
2009-02-21,21.5,12.901883333333332,Summer
2009-02-22,26.3,12.428386111111111,Summer
2009-02-23,33.4,11.915411111111112,Summer
2009-02-24,18.7,12.940891666666666,Summer
2009-02-25,21.3,9.216899999999999,Summer
2009-02-26,29.3,12.69076111111111,Summer
2009-02-27,33.8,12.868322222222222,Summer
2009-02-28,20.9,10.98755,Summer
2009-03-01,19.3,9.338077777777778,Autumn
2009-03-02,25.7,12.746611111111111,Autumn
2009-03-03,30.6,6.997608333333333,Autumn
2009-03-04,18.7,10.339536111111112,Autumn
2009-03-05,16.3,3.8300194444444444,Autumn
2009-03-06,18.4,6.283791666666667,Autumn
2009-03-07,18.3,8.086416666666667,Autumn
2009-03-08,20.2,12.041019444444444,Autumn
2009-03-09,23.0,12.428861111111111,Autumn
2009-03-10,25.0,10.325052777777778,Autumn
2009-03-11,29.1,11.326377777777777,Autumn
2009-03-12,23.4,4.583572222222222,Autumn
2009-03-13,28.2,12.144719444444444,Autumn
2009-03-14,22.3,9.140913888888889,Autumn
2009-03-15,17.9,11.36491388888889,Autumn
2009-03-16,18.4,9.989402777777777,Autumn
2009-03-17,17.5,8.260711111111112,Autumn
2009-03-18,25.5,10.517058333333335,Autumn
2009-03-19,30.0,11.763486111111112,Autumn
2009-03-20,26.1,11.156525,Autumn
2009-03-21,31.9,11.716411111111112,Autumn
2009-03-22,24.2,10.772819444444444,Autumn
2009-03-23,18.6,9.750202777777778,Autumn
2009-03-24,22.1,9.322102777777777,Autumn
2009-03-25,25.9,8.261902777777777,Autumn
2009-03-26,22.3,10.794741666666667,Autumn
2009-03-27,18.5,11.10323888888889,Autumn
2009-03-28,25.4,11.111055555555556,Autumn
2009-03-29,24.2,11.199861111111112,Autumn
2009-03-30,22.3,10.789147222222223,Autumn
2009-03-31,27.7,11.053463888888889,Autumn
2009-04-01,27.4,11.061255555555555,Autumn
2009-04-02,30.2,11.0,Autumn
2009-04-03,23.7,5.805544444444444,Autumn
2009-04-04,16.8,9.141563888888887,Autumn
2009-04-05,18.6,6.013097222222223,Autumn
2009-04-06,14.9,9.450983333333333,Autumn
2009-04-07,16.5,5.606713888888889,Autumn
2009-04-08,17.6,7.3592249999999995,Autumn
2009-04-09,22.5,10.812425000000001,Autumn
2009-04-10,20.3,10.774852777777777,Autumn
2009-04-11,21.3,7.933497222222222,Autumn
2009-04-12,20.2,9.933016666666667,Autumn
2009-04-13,24.0,10.868277777777779,Autumn
2009-04-14,26.2,10.844536111111111,Autumn
2009-04-15,18.0,7.72345,Autumn
2009-04-16,19.3,7.553147222222223,Autumn
2009-04-17,19.4,9.85265,Autumn
2009-04-18,18.6,8.331925,Autumn
2009-04-19,18.3,7.855613888888889,Autumn
2009-04-20,19.5,10.708044444444445,Autumn
2009-04-21,22.4,10.68653611111111,Autumn
2009-04-22,22.9,10.665211111111113,Autumn
2009-04-23,22.6,8.908155555555556,Autumn
2009-04-24,17.9,0.0,Autumn
2009-04-25,17.2,9.298191666666666,Autumn
2009-04-26,13.4,10.036119444444443,Autumn
2009-04-27,13.4,9.155425,Autumn
2009-04-28,12.2,10.027336111111111,Autumn
2009-04-29,12.7,5.59606388888889,Autumn
2009-04-30,15.9,10.190238888888889,Autumn
2009-05-01,15.5,5.909033333333333,Autumn
2009-05-02,16.1,10.09484722222222,Autumn
2009-05-03,16.6,9.682044444444445,Autumn
2009-05-04,15.4,9.644411111111111,Autumn
2009-05-05,14.7,9.71941111111111,Autumn
2009-05-06,14.8,8.2374,Autumn
2009-05-07,15.0,6.039527777777778,Autumn
2009-05-08,14.9,2.64965,Autumn
2009-05-09,14.8,4.560308333333333,Autumn
2009-05-10,16.7,9.788974999999999,Autumn
2009-05-11,15.9,7.0660138888888895,Autumn
2009-05-12,14.5,5.625491666666667,Autumn
2009-05-13,15.7,6.672297222222222,Autumn
2009-05-14,16.5,5.966441666666666,Autumn
2009-05-15,17.2,3.306477777777778,Autumn
2009-05-16,14.2,8.542536111111112,Autumn
2009-05-17,15.7,8.921391666666667,Autumn
2009-05-18,15.7,9.659616666666667,Autumn
2009-05-19,19.0,8.0,Autumn
2009-05-20,19.0,8.806372222222222,Autumn
2009-05-21,16.4,9.32922222222222,Autumn
2009-05-22,17.7,7.288666666666667,Autumn
2009-05-23,21.3,8.590588888888888,Autumn
2009-05-24,19.6,6.631636111111111,Autumn
2009-05-25,18.5,0.12526666666666667,Autumn
2009-05-26,15.2,9.092383333333334,Autumn
2009-05-27,13.9,8.748786111111112,Autumn
2009-05-28,13.3,8.442594444444444,Autumn
2009-05-29,14.3,9.205066666666665,Autumn
2009-05-30,15.2,8.004652777777778,Autumn
2009-05-31,14.6,7.298377777777778,Autumn
2009-06-01,16.3,5.111477777777778,Winter
2009-06-02,14.2,3.8655749999999998,Winter
2009-06-03,16.1,3.054638888888889,Winter
2009-06-04,15.6,8.220269444444444,Winter
2009-06-05,14.4,8.020608333333334,Winter
2009-06-06,12.7,5.228566666666667,Winter
2009-06-07,12.8,8.369280555555555,Winter
2009-06-08,13.3,6.798569444444444,Winter
2009-06-09,11.0,7.044502777777778,Winter
2009-06-10,10.0,8.536180555555555,Winter
2009-06-11,12.2,8.0,Winter
2009-06-12,11.1,7.931983333333333,Winter
2009-06-13,11.9,7.0,Winter
2009-06-14,15.5,9.0,Winter
2009-06-15,13.2,9.01068888888889,Winter
2009-06-16,12.7,8.602413888888888,Winter
2009-06-17,11.8,7.1337972222222215,Winter
2009-06-18,14.4,7.139538888888889,Winter
2009-06-19,15.4,9.021763888888888,Winter
2009-06-20,14.1,3.071472222222222,Winter
2009-06-21,15.1,4.357075,Winter
2009-06-22,16.4,7.582405555555556,Winter
2009-06-23,16.9,7.9640305555555555,Winter
2009-06-24,14.4,8.343052777777778,Winter
2009-06-25,13.8,9.0,Winter
2009-06-26,14.3,9.0,Winter
2009-06-27,13.9,9.0,Winter
2009-06-28,15.1,9.0,Winter
2009-06-29,16.3,8.648483333333333,Winter
2009-06-30,16.8,7.633902777777777,Winter
2009-07-01,14.7,7.492952777777778,Winter
2009-07-02,11.6,2.2130916666666667,Winter
2009-07-03,11.7,8.954091666666667,Winter
2009-07-04,12.8,7.208313888888889,Winter
2009-07-05,12.0,8.92646388888889,Winter
2009-07-06,11.7,8.763419444444445,Winter
2009-07-07,12.3,9.022958333333333,Winter
2009-07-08,14.0,9.020577777777778,Winter
2009-07-09,14.6,9.017916666666666,Winter
2009-07-10,14.1,6.218505555555555,Winter
2009-07-11,12.9,1.1328888888888888,Winter
2009-07-12,14.7,8.671355555555555,Winter
2009-07-13,13.0,7.535233333333333,Winter
2009-07-14,12.1,9.0,Winter
2009-07-15,11.9,9.088069444444445,Winter
2009-07-16,11.9,9.0,Winter
2009-07-17,11.7,7.400947222222222,Winter
2009-07-18,13.1,9.0,Winter
2009-07-19,15.3,8.035675,Winter
2009-07-20,16.3,9.153149999999998,Winter
2009-07-21,16.5,8.560161111111112,Winter
2009-07-22,14.8,7.140688888888889,Winter
2009-07-23,11.4,9.004502777777777,Winter
2009-07-24,12.6,8.99216388888889,Winter
2009-07-25,13.3,8.889458333333334,Winter
2009-07-26,14.1,8.38075,Winter
2009-07-27,14.2,9.28543611111111,Winter
2009-07-28,15.5,7.973394444444445,Winter
2009-07-29,14.4,6.636094444444444,Winter
2009-07-30,14.2,5.350158333333333,Winter
2009-07-31,13.2,8.656702777777777,Winter
2009-08-01,14.8,8.457233333333333,Winter
2009-08-02,15.8,8.511191666666667,Winter
2009-08-03,13.1,9.490416666666667,Winter
2009-08-04,14.3,9.48693888888889,Winter
2009-08-05,14.7,9.469816666666667,Winter
2009-08-06,17.1,5.06708611111111,Winter
2009-08-07,15.9,9.420508333333334,Winter
2009-08-08,14.4,9.764508333333334,Winter
2009-08-09,14.0,8.601044444444444,Winter
2009-08-10,12.2,1.0020833333333334,Winter
2009-08-11,14.8,8.02843611111111,Winter
2009-08-12,12.9,1.4399111111111111,Winter
2009-08-13,15.1,10.008944444444444,Winter
2009-08-14,16.9,10.092361111111112,Winter
2009-08-15,18.2,10.510080555555556,Winter
2009-08-16,15.1,6.097847222222223,Winter
2009-08-17,14.4,10.470897222222224,Winter
2009-08-18,17.0,10.568155555555556,Winter
2009-08-19,17.4,10.650530555555557,Winter
2009-08-20,15.7,7.945005555555555,Winter
2009-08-21,15.9,9.904152777777776,Winter
2009-08-22,13.9,10.758375000000001,Winter
2009-08-23,17.0,10.783744444444446,Winter
2009-08-24,15.6,8.335777777777778,Winter
2009-08-25,13.4,9.219530555555554,Winter
2009-08-26,15.2,7.8314861111111105,Winter
2009-08-27,16.3,9.731330555555555,Winter
2009-08-28,18.3,10.492441666666666,Winter
2009-08-29,14.5,3.351252777777778,Winter
2009-08-30,13.7,10.161780555555557,Winter
2009-08-31,14.4,9.451527777777779,Winter
2009-09-01,14.2,8.673216666666667,Spring
2009-09-02,17.3,10.924213888888888,Spring
2009-09-03,19.6,10.777813888888888,Spring
2009-09-04,14.7,10.013669444444444,Spring
2009-09-05,15.2,10.96726111111111,Spring
2009-09-06,15.1,5.933511111111111,Spring
2009-09-07,15.1,10.479941666666667,Spring
2009-09-08,13.1,9.648569444444444,Spring
2009-09-09,13.5,8.659222222222223,Spring
2009-09-10,13.2,8.453569444444444,Spring
2009-09-11,19.0,10.900422222222222,Spring
2009-09-12,25.5,11.237197222222223,Spring
2009-09-13,22.5,6.082436111111111,Spring
2009-09-14,14.3,10.000930555555556,Spring
2009-09-15,18.2,11.578219444444443,Spring
2009-09-16,21.3,11.604402777777777,Spring
2009-09-17,15.5,0.17310555555555554,Spring
2009-09-18,16.1,11.400061111111112,Spring
2009-09-19,19.7,9.249380555555554,Spring
2009-09-20,16.2,10.908261111111111,Spring
2009-09-21,18.4,9.165280555555556,Spring
2009-09-22,17.9,6.6345833333333335,Spring
2009-09-23,15.0,10.389786111111112,Spring
2009-09-24,16.7,10.991077777777777,Spring
2009-09-25,16.5,7.517558333333333,Spring
2009-09-26,13.5,9.9665,Spring
2009-09-27,11.0,7.829869444444444,Spring
2009-09-28,12.5,8.141577777777778,Spring
2009-09-29,17.9,11.941369444444444,Spring
2009-09-30,21.9,11.930894444444444,Spring
2009-10-01,16.5,6.907980555555556,Spring
2009-10-02,12.4,0.28599444444444444,Spring
2009-10-03,14.8,10.059516666666667,Spring
2009-10-04,16.8,6.8808444444444445,Spring
2009-10-05,14.9,12.0,Spring
2009-10-06,12.2,12.037452777777778,Spring
2009-10-07,12.9,12.111086111111112,Spring
2009-10-08,13.7,11.184830555555555,Spring
2009-10-09,14.9,12.25871388888889,Spring
2009-10-10,17.0,12.251475,Spring
2009-10-11,19.4,12.244216666666667,Spring
2009-10-12,19.9,10.555552777777777,Spring
2009-10-13,16.7,8.371583333333334,Spring
2009-10-14,14.9,7.365513888888889,Spring
2009-10-15,14.1,10.394172222222222,Spring
2009-10-16,15.1,12.371330555555556,Spring
2009-10-17,14.1,11.424166666666666,Spring
2009-10-18,15.5,11.805969444444443,Spring
2009-10-19,20.4,12.729458333333334,Spring
2009-10-20,26.1,9.268472222222222,Spring
2009-10-21,15.9,11.240072222222222,Spring
2009-10-22,17.5,12.995497222222223,Spring
2009-10-23,16.7,11.082141666666667,Spring
2009-10-24,18.5,13.175263888888889,Spring
2009-10-25,14.4,10.016652777777777,Spring
2009-10-26,18.6,13.312158333333333,Spring
2009-10-27,21.3,13.350077777777777,Spring
2009-10-28,20.2,11.873880555555555,Spring
2009-10-29,27.4,13.425266666666666,Spring
2009-10-30,28.6,8.588997222222222,Spring
2009-10-31,32.0,13.49933888888889,Spring
2009-11-01,22.6,13.4119,Spring
2009-11-02,28.4,13.253555555555556,Spring
2009-11-03,25.9,8.145002777777778,Spring
2009-11-04,16.2,6.930144444444444,Spring
2009-11-05,17.0,11.627088888888888,Spring
2009-11-06,23.9,13.711813888888889,Spring
2009-11-07,30.0,13.74538888888889,Spring
2009-11-08,31.3,13.778591666666667,Spring
2009-11-09,32.4,13.81158888888889,Spring
2009-11-10,33.4,13.844352777777777,Spring
2009-11-11,31.9,13.862950000000001,Spring
2009-11-12,27.6,13.876986111111112,Spring
2009-11-13,27.2,13.501613888888889,Spring
2009-11-14,28.5,13.368430555555555,Spring
2009-11-15,25.6,13.916625,Spring
2009-11-16,21.8,10.949588888888888,Spring
2009-11-17,21.6,13.940847222222223,Spring
2009-11-18,32.1,13.085613888888888,Spring
2009-11-19,30.0,13.963161111111111,Spring
2009-11-20,36.5,4.562463888888889,Spring
2009-11-21,24.7,0.10805277777777778,Spring
2009-11-22,19.0,3.0,Spring
2009-11-23,20.3,12.163588888888889,Spring
2009-11-24,23.1,14.0,Spring
2009-11-25,25.6,13.57188611111111,Spring
2009-11-26,28.3,7.045811111111111,Spring
2009-11-27,25.9,14.0,Spring
2009-11-28,22.1,12.784241666666667,Spring
2009-11-29,18.5,12.0,Spring
2009-11-30,19.2,14.007955555555556,Spring
2009-12-01,20.8,14.000213888888888,Summer
2009-12-02,26.7,14.0,Summer
2009-12-03,31.3,12.521291666666666,Summer
2009-12-04,19.8,14.0,Summer
2009-12-05,19.8,13.243941666666668,Summer
2009-12-06,23.2,14.14461111111111,Summer
2009-12-07,22.1,12.235938888888889,Summer
2009-12-08,15.1,4.467116666666667,Summer
2009-12-09,23.8,14.0,Summer
2009-12-10,23.5,13.702241666666666,Summer
2009-12-11,18.4,12.57798611111111,Summer
2009-12-12,20.3,7.056869444444445,Summer
2009-12-13,18.8,7.034822222222222,Summer
2009-12-14,19.7,14.459797222222221,Summer
2009-12-15,27.8,14.454525,Summer
2009-12-16,36.3,14.08291388888889,Summer
2009-12-17,26.2,7.369641666666666,Summer
2009-12-18,22.1,14.439991666666668,Summer
2009-12-19,18.9,14.086775,Summer
2009-12-20,20.8,14.522591666666667,Summer
2009-12-21,25.3,14.334905555555556,Summer
2009-12-22,24.4,14.0,Summer
2009-12-23,36.4,13.485886111111112,Summer
2009-12-24,28.3,0.0,Summer
2009-12-25,19.1,13.65801111111111,Summer
2009-12-26,20.9,14.612013888888889,Summer
2009-12-27,23.4,11.192863888888889,Summer
2009-12-28,24.7,14.020619444444446,Summer
2009-12-29,24.3,14.381675,Summer
2009-12-30,36.0,14.585858333333332,Summer
2009-12-31,35.2,14.205052777777778,Summer
2010-01-01,27.5,2.3663000000000003,Summer
2010-01-02,20.2,5.3588305555555555,Summer
2010-01-03,19.2,10.876533333333333,Summer
2010-01-04,26.2,14.53183888888889,Summer
2010-01-05,24.7,14.518302777777778,Summer
2010-01-06,20.8,14.503894444444443,Summer
2010-01-07,23.3,14.488605555555557,Summer
2010-01-08,35.1,13.793611111111112,Summer
2010-01-09,36.5,14.45485,Summer
2010-01-10,31.1,14.436458333333333,Summer
2010-01-11,40.8,13.527677777777777,Summer
2010-01-12,37.2,10.129475,Summer
2010-01-13,20.0,8.265269444444444,Summer
2010-01-14,21.5,14.353694444444445,Summer
2010-01-15,25.3,14.330902777777778,Summer
2010-01-16,33.0,13.591800000000001,Summer
2010-01-17,20.3,13.50623888888889,Summer
2010-01-18,16.8,13.523436111111112,Summer
2010-01-19,21.5,12.886147222222222,Summer
2010-01-20,26.3,13.809449999999998,Summer
2010-01-21,26.3,12.610830555555555,Summer
2010-01-22,35.2,5.843738888888889,Summer
2010-01-23,19.3,11.016324999999998,Summer
2010-01-24,22.0,13.416,Summer
2010-01-25,23.2,13.777433333333335,Summer
2010-01-26,25.6,13.330163888888888,Summer
2010-01-27,21.1,13.421602777777776,Summer
2010-01-28,25.8,11.207858333333334,Summer
2010-01-29,21.2,9.999716666666668,Summer
2010-01-30,34.5,13.407355555555556,Summer
2010-01-31,35.6,12.06631388888889,Summer
2010-02-01,24.1,13.103319444444443,Summer
2010-02-02,33.3,13.0,Summer
2010-02-03,32.9,13.12390277777778,Summer
2010-02-04,27.7,4.938922222222222,Summer
2010-02-05,20.5,3.3524555555555557,Summer
2010-02-06,25.1,13.053769444444445,Summer
2010-02-07,29.4,13.061655555555555,Summer
2010-02-08,31.8,13.069727777777777,Summer
2010-02-09,32.2,13.0,Summer
2010-02-10,33.6,12.502875,Summer
2010-02-11,30.3,7.210880555555555,Summer
2010-02-12,20.9,7.432272222222222,Summer
2010-02-13,21.6,4.213322222222222,Summer
2010-02-14,25.4,10.522625,Summer
2010-02-15,24.0,10.042988888888889,Summer
2010-02-16,24.8,11.778391666666666,Summer
2010-02-17,23.2,12.445636111111112,Summer
2010-02-18,23.6,12.81248611111111,Summer
2010-02-19,30.7,13.0,Summer
2010-02-20,32.6,13.0,Summer
2010-02-21,26.8,12.998136111111112,Summer
2010-02-22,27.4,11.0,Summer
2010-02-23,20.8,12.963000000000001,Summer
2010-02-24,21.8,12.945544444444444,Summer
2010-02-25,24.7,12.928169444444446,Summer
2010-02-26,31.7,12.056958333333334,Summer
2010-02-27,24.1,6.814736111111111,Summer
2010-02-28,17.3,11.653552777777778,Summer
2010-03-01,20.4,12.79551111111111,Autumn
2010-03-02,20.4,12.755097222222222,Autumn
2010-03-03,25.5,12.714716666666668,Autumn
2010-03-04,29.9,9.809025,Autumn
2010-03-05,23.9,4.830033333333333,Autumn
2010-03-06,24.3,10.647230555555556,Autumn
2010-03-07,22.3,0.6256805555555555,Autumn
2010-03-08,21.3,10.957191666666667,Autumn
2010-03-09,18.2,8.625647222222224,Autumn
2010-03-10,17.3,11.040777777777778,Autumn
2010-03-11,19.9,12.392116666666668,Autumn
2010-03-12,23.4,12.302816666666667,Autumn
2010-03-13,24.8,12.310113888888889,Autumn
2010-03-14,25.9,12.268952777777779,Autumn
2010-03-15,27.4,12.058433333333333,Autumn
2010-03-16,29.6,12.186447222222222,Autumn
2010-03-17,30.4,11.424502777777777,Autumn
2010-03-18,29.7,8.293330555555556,Autumn
2010-03-19,27.1,10.247158333333333,Autumn
2010-03-20,25.1,10.485002777777778,Autumn
2010-03-21,20.8,10.628972222222224,Autumn
2010-03-22,19.3,11.256463888888888,Autumn
2010-03-23,20.7,11.231408333333333,Autumn
2010-03-24,20.8,9.341294444444445,Autumn
2010-03-25,28.7,10.215066666666667,Autumn
2010-03-26,25.8,11.255033333333333,Autumn
2010-03-27,22.0,5.353975,Autumn
2010-03-28,25.0,1.5170333333333332,Autumn
2010-03-29,20.3,10.08491388888889,Autumn
2010-03-30,19.5,11.043697222222221,Autumn
2010-03-31,20.7,10.946616666666667,Autumn
2010-04-01,21.2,11.059283333333333,Autumn
2010-04-02,19.6,10.467138888888888,Autumn
2010-04-03,21.1,10.996919444444446,Autumn
2010-04-04,24.1,11.0,Autumn
2010-04-05,24.5,11.0,Autumn
2010-04-06,24.8,7.965997222222223,Autumn
2010-04-07,22.2,5.347569444444445,Autumn
2010-04-08,19.6,10.993830555555556,Autumn
2010-04-09,20.0,6.108494444444445,Autumn
2010-04-10,20.9,7.753244444444444,Autumn
2010-04-11,16.3,9.946158333333333,Autumn
2010-04-12,16.3,10.79996388888889,Autumn
2010-04-13,17.1,8.680588888888888,Autumn
2010-04-14,17.1,7.552383333333334,Autumn
2010-04-15,17.4,2.888402777777778,Autumn
2010-04-16,23.5,10.790955555555556,Autumn
2010-04-17,25.7,10.782016666666667,Autumn
2010-04-18,25.4,8.725502777777779,Autumn
2010-04-19,25.5,8.984244444444444,Autumn
2010-04-20,26.2,10.715133333333334,Autumn
2010-04-21,24.2,10.498375000000001,Autumn
2010-04-22,26.8,10.256966666666667,Autumn
2010-04-23,25.3,2.8771722222222222,Autumn
2010-04-24,20.7,6.280880555555555,Autumn
2010-04-25,16.0,10.606636111111111,Autumn
2010-04-26,18.6,10.378394444444444,Autumn
2010-04-27,15.0,0.7270861111111112,Autumn
2010-04-28,18.4,7.95815,Autumn
2010-04-29,16.5,5.053572222222223,Autumn
2010-04-30,16.3,5.8422833333333335,Autumn
2010-05-01,19.9,8.919944444444445,Autumn
2010-05-02,16.7,6.449558333333333,Autumn
2010-05-03,21.6,10.091905555555556,Autumn
2010-05-04,22.2,8.532461111111111,Autumn
2010-05-05,14.5,8.771125,Autumn
2010-05-06,15.1,9.181347222222222,Autumn
2010-05-07,18.2,7.837269444444444,Autumn
2010-05-08,19.0,9.082452777777778,Autumn
2010-05-09,20.7,9.69398611111111,Autumn
2010-05-10,19.8,9.79063888888889,Autumn
2010-05-11,15.7,9.784055555555556,Autumn
2010-05-12,13.4,9.429505555555556,Autumn
2010-05-13,14.2,6.615008333333333,Autumn
2010-05-14,14.6,7.566072222222222,Autumn
2010-05-15,15.2,8.0,Autumn
2010-05-16,16.2,9.195583333333333,Autumn
2010-05-17,15.3,7.7955499999999995,Autumn
2010-05-18,15.9,7.21723888888889,Autumn
2010-05-19,16.0,9.583405555555556,Autumn
2010-05-20,15.3,9.59226111111111,Autumn
2010-05-21,14.0,9.0,Autumn
2010-05-22,13.7,9.24435,Autumn
2010-05-23,16.4,9.593719444444444,Autumn
2010-05-24,16.3,4.957316666666666,Autumn
2010-05-25,14.1,0.0,Autumn
2010-05-26,17.7,9.0,Autumn
2010-05-27,16.9,9.004697222222223,Autumn
2010-05-28,16.8,5.051180555555556,Autumn
2010-05-29,15.5,5.0,Autumn
2010-05-30,15.3,1.0,Autumn
2010-05-31,16.1,8.122991666666667,Autumn
2010-06-01,15.8,6.070627777777777,Winter
2010-06-02,14.7,8.540566666666667,Winter
2010-06-03,13.0,7.311111111111111,Winter
2010-06-04,12.3,5.855394444444444,Winter
2010-06-05,12.8,6.815641666666667,Winter
2010-06-06,12.3,9.0,Winter
2010-06-07,12.4,9.0,Winter
2010-06-08,13.5,6.750194444444444,Winter
2010-06-09,11.8,6.258958333333333,Winter
2010-06-10,13.5,6.902372222222223,Winter
2010-06-11,12.7,5.885833333333333,Winter
2010-06-12,11.9,8.56468888888889,Winter
2010-06-13,12.3,7.215086111111112,Winter
2010-06-14,13.2,9.0,Winter
2010-06-15,13.3,9.0,Winter
2010-06-16,13.6,2.204927777777778,Winter
2010-06-17,13.0,7.0,Winter
2010-06-18,14.8,8.491811111111112,Winter
2010-06-19,14.0,8.697475,Winter
2010-06-20,13.4,8.114047222222222,Winter
2010-06-21,11.9,6.976763888888889,Winter
2010-06-22,12.5,7.96036388888889,Winter
2010-06-23,15.8,8.520102777777778,Winter
2010-06-24,15.7,7.282455555555556,Winter
2010-06-25,14.2,0.0,Winter
2010-06-26,10.8,9.0,Winter
2010-06-27,11.2,8.770775,Winter
2010-06-28,10.6,9.032558333333332,Winter
2010-06-29,8.2,1.6810333333333334,Winter
2010-06-30,10.9,2.981302777777778,Winter
2010-07-01,11.4,5.259130555555555,Winter
2010-07-02,12.3,8.745380555555556,Winter
2010-07-03,12.2,8.24495,Winter
2010-07-04,12.5,8.712386111111112,Winter
2010-07-05,11.8,8.750097222222221,Winter
2010-07-06,11.4,9.0,Winter
2010-07-07,12.6,8.609836111111111,Winter
2010-07-08,12.2,9.0,Winter
2010-07-09,14.3,8.0,Winter
2010-07-10,13.7,3.2015111111111114,Winter
2010-07-11,14.9,9.012066666666666,Winter
2010-07-12,14.6,9.008625,Winter
2010-07-13,16.0,7.092344444444444,Winter
2010-07-14,11.9,5.026394444444445,Winter
2010-07-15,12.8,9.0,Winter
2010-07-16,13.2,8.624608333333333,Winter
2010-07-17,13.0,8.079419444444444,Winter
2010-07-18,13.2,6.2090805555555555,Winter
2010-07-19,10.7,8.810583333333334,Winter
2010-07-20,11.9,7.708886111111112,Winter
2010-07-21,11.4,7.697261111111111,Winter
2010-07-22,12.1,0.41118055555555555,Winter
2010-07-23,11.8,5.823611111111111,Winter
2010-07-24,12.3,9.038958333333333,Winter
2010-07-25,12.5,9.032255555555555,Winter
2010-07-26,12.8,7.846477777777777,Winter
2010-07-27,13.4,9.108025,Winter
2010-07-28,13.8,5.008211111111112,Winter
2010-07-29,13.4,0.06794722222222223,Winter
2010-07-30,15.8,6.404519444444444,Winter
2010-07-31,14.5,9.127558333333333,Winter
2010-08-01,11.5,9.245169444444445,Winter
2010-08-02,12.9,9.347597222222221,Winter
2010-08-03,11.5,4.037086111111111,Winter
2010-08-04,10.9,2.4038777777777773,Winter
2010-08-05,10.9,8.088436111111111,Winter
2010-08-06,11.5,9.804830555555556,Winter
2010-08-07,13.3,7.7458583333333335,Winter
2010-08-08,13.7,9.936705555555555,Winter
2010-08-09,14.8,9.491741666666666,Winter
2010-08-10,12.1,1.2223083333333336,Winter
2010-08-11,12.1,3.808508333333333,Winter
2010-08-12,12.0,9.378791666666666,Winter
2010-08-13,12.8,7.641308333333333,Winter
2010-08-14,13.6,6.455338888888889,Winter
2010-08-15,13.4,3.4375194444444443,Winter
2010-08-16,10.0,9.943950000000001,Winter
2010-08-17,12.1,9.27758611111111,Winter
2010-08-18,11.5,3.6696055555555556,Winter
2010-08-19,13.6,9.489316666666667,Winter
2010-08-20,12.2,10.419505555555556,Winter
2010-08-21,13.3,10.183966666666667,Winter
2010-08-22,14.8,10.750183333333334,Winter
2010-08-23,14.3,10.7073,Winter
2010-08-24,12.9,7.8096250000000005,Winter
2010-08-25,10.1,7.331422222222222,Winter
2010-08-26,11.8,9.700655555555556,Winter
2010-08-27,11.0,10.836769444444446,Winter
2010-08-28,12.8,9.200713888888888,Winter
2010-08-29,13.4,9.414608333333332,Winter
2010-08-30,16.0,10.555261111111111,Winter
2010-08-31,13.8,4.649138888888889,Winter
2010-09-01,12.6,0.0,Spring
2010-09-02,12.0,10.824830555555556,Spring
2010-09-03,17.8,9.216436111111111,Spring
2010-09-04,17.1,1.9489277777777778,Spring
2010-09-05,13.7,10.532844444444445,Spring
2010-09-06,12.2,10.976813888888888,Spring
2010-09-07,13.2,10.376677777777777,Spring
2010-09-08,15.8,11.130038888888889,Spring
2010-09-09,17.6,10.817227777777777,Spring
2010-09-10,12.5,9.581108333333333,Spring
2010-09-11,16.0,10.711125000000001,Spring
2010-09-12,15.1,9.730636111111112,Spring
2010-09-13,12.7,8.680349999999999,Spring
2010-09-14,13.7,11.537583333333334,Spring
2010-09-15,12.8,8.807669444444445,Spring
2010-09-16,12.3,11.480675,Spring
2010-09-17,12.7,5.305747222222222,Spring
2010-09-18,13.4,6.956875,Spring
2010-09-19,13.2,9.574719444444444,Spring
2010-09-20,14.0,2.1346000000000003,Spring
2010-09-21,12.8,3.24105,Spring
2010-09-22,13.9,11.141633333333333,Spring
2010-09-23,13.4,11.741463888888887,Spring
2010-09-24,17.4,9.997302777777778,Spring
2010-09-25,18.0,9.91186111111111,Spring
2010-09-26,20.0,11.85711388888889,Spring
2010-09-27,15.7,5.647894444444444,Spring
2010-09-28,12.8,11.908666666666665,Spring
2010-09-29,11.4,11.93452777777778,Spring
2010-09-30,13.2,7.624544444444445,Spring
2010-10-01,15.2,11.86638611111111,Spring
2010-10-02,19.6,12.0,Spring
2010-10-03,22.5,12.061324999999998,Spring
2010-10-04,21.4,11.0,Spring
2010-10-05,17.7,11.416916666666667,Spring
2010-10-06,23.5,10.0,Spring
2010-10-07,13.6,11.371347222222221,Spring
2010-10-08,14.5,11.528752777777779,Spring
2010-10-09,15.7,12.179405555555556,Spring
2010-10-10,23.4,12.172097222222224,Spring
2010-10-11,22.2,10.450777777777779,Spring
2010-10-12,23.4,10.0,Spring
2010-10-13,16.6,0.0,Spring
2010-10-14,19.4,6.596680555555555,Spring
2010-10-15,16.1,0.0,Spring
2010-10-16,12.2,11.459305555555556,Spring
2010-10-17,14.3,6.217616666666666,Spring
2010-10-18,15.0,9.640383333333332,Spring
2010-10-19,14.7,12.6468,Spring
2010-10-20,17.3,12.533000000000001,Spring
2010-10-21,23.2,12.90523611111111,Spring
2010-10-22,25.5,12.744891666666668,Spring
2010-10-23,16.9,6.328186111111111,Spring
2010-10-24,14.9,13.007669444444444,Spring
2010-10-25,19.4,13.263658333333332,Spring
2010-10-26,20.8,11.211166666666665,Spring
2010-10-27,15.2,12.745797222222222,Spring
2010-10-28,22.2,13.380211111111112,Spring
2010-10-29,25.6,12.349586111111112,Spring
2010-10-30,21.9,0.62415,Spring
2010-10-31,13.2,1.547977777777778,Spring
2010-11-01,14.6,13.324569444444444,Spring
2010-11-02,15.8,11.282941666666666,Spring
2010-11-03,13.0,10.980052777777779,Spring
2010-11-04,15.2,13.469280555555557,Spring
2010-11-05,19.3,13.666458333333333,Spring
2010-11-06,20.8,13.701055555555556,Spring
2010-11-07,22.7,12.51193888888889,Spring
2010-11-08,22.6,13.769552777777777,Spring
2010-11-09,26.7,13.803372222222222,Spring
2010-11-10,25.4,5.027508333333333,Spring
2010-11-11,29.2,13.427211111111111,Spring
2010-11-12,31.0,10.624983333333335,Spring
2010-11-13,19.1,0.0,Spring
2010-11-14,20.6,6.808061111111111,Spring
2010-11-15,15.9,9.460377777777778,Spring
2010-11-16,16.0,12.142080555555555,Spring
2010-11-17,21.2,13.939294444444444,Spring
2010-11-18,16.4,4.425144444444444,Spring
2010-11-19,16.7,13.961825,Spring
2010-11-20,21.4,13.972222222222221,Spring
2010-11-21,20.7,13.982013888888888,Spring
2010-11-22,28.8,13.991172222222222,Spring
2010-11-23,28.4,13.99971388888889,Spring
2010-11-24,28.6,10.316733333333334,Spring
2010-11-25,20.3,0.7575472222222223,Spring
2010-11-26,23.4,9.22716111111111,Spring
2010-11-27,25.3,7.2235555555555555,Spring
2010-11-28,14.8,1.1481194444444442,Spring
2010-11-29,19.6,10.253369444444443,Spring
2010-11-30,23.1,12.238100000000001,Spring
2010-12-01,24.1,8.954108333333334,Summer
2010-12-02,25.0,13.190408333333334,Summer
2010-12-03,26.2,13.298719444444444,Summer
2010-12-04,28.0,14.0,Summer
2010-12-05,26.5,13.622858333333333,Summer
2010-12-06,28.7,10.508858333333333,Summer
2010-12-07,25.9,7.2881833333333335,Summer
2010-12-08,23.5,0.45027222222222224,Summer
2010-12-09,23.3,13.910922222222222,Summer
2010-12-10,17.8,12.950027777777777,Summer
2010-12-11,20.7,14.0,Summer
2010-12-12,18.2,14.0,Summer
2010-12-13,20.6,14.010166666666667,Summer
2010-12-14,25.5,14.094786111111112,Summer
2010-12-15,27.6,12.0,Summer
2010-12-16,18.2,14.027347222222222,Summer
2010-12-17,22.6,14.079975000000001,Summer
2010-12-18,17.6,13.03173888888889,Summer
2010-12-19,17.1,7.900424999999999,Summer
2010-12-20,17.0,10.26915,Summer
2010-12-21,15.6,12.577722222222222,Summer
2010-12-22,21.9,14.606077777777777,Summer
2010-12-23,17.3,14.620977777777776,Summer
2010-12-24,21.6,14.580819444444444,Summer
2010-12-25,25.5,7.036786111111112,Summer
2010-12-26,18.2,6.394733333333334,Summer
2010-12-27,14.1,14.539530555555555,Summer
2010-12-28,20.3,14.342697222222222,Summer
2010-12-29,27.0,14.51126111111111,Summer
2010-12-30,21.3,14.588780555555555,Summer
2010-12-31,36.7,14.57393888888889,Summer
2011-01-01,21.2,14.195391666666668,Summer
2011-01-02,18.9,14.560219444444444,Summer
2011-01-03,18.3,14.54865,Summer
2011-01-04,21.1,13.856527777777778,Summer
2011-01-05,19.9,13.679869444444444,Summer
2011-01-06,29.1,13.473025,Summer
2011-01-07,31.7,13.530319444444444,Summer
2011-01-08,33.1,12.797455555555555,Summer
2011-01-09,22.5,5.5869277777777775,Summer
2011-01-10,24.1,0.0,Summer
2011-01-11,26.4,5.890930555555555,Summer
2011-01-12,26.9,2.4448305555555554,Summer
2011-01-13,25.1,0.14175555555555555,Summer
2011-01-14,24.6,6.659227777777778,Summer
2011-01-15,26.3,14.115777777777778,Summer
2011-01-16,26.3,13.220555555555556,Summer
2011-01-17,19.5,10.750033333333334,Summer
2011-01-18,19.3,10.889716666666667,Summer
2011-01-19,19.3,9.551338888888889,Summer
2011-01-20,28.2,14.20873611111111,Summer
2011-01-21,29.2,13.310461111111112,Summer
2011-01-22,25.3,12.536202777777778,Summer
2011-01-23,27.3,12.492691666666667,Summer
2011-01-24,20.1,9.217377777777777,Summer
2011-01-25,26.7,13.511436111111111,Summer
2011-01-26,21.0,10.226919444444446,Summer
2011-01-27,23.9,13.449672222222222,Summer
2011-01-28,20.2,13.425616666666667,Summer
2011-01-29,26.7,13.390613888888888,Summer
2011-01-30,34.3,13.318177777777779,Summer
2011-01-31,33.9,12.096080555555556,Summer
2011-02-01,37.0,12.0,Summer
2011-02-02,30.1,13.0,Summer
2011-02-03,22.6,6.399272222222223,Summer
2011-02-04,27.4,2.260286111111111,Summer
2011-02-05,23.7,0.0,Summer
2011-02-06,16.9,13.051916666666667,Summer
2011-02-07,19.0,13.0,Summer
2011-02-08,18.1,12.596716666666667,Summer
2011-02-09,26.3,10.9841,Summer
2011-02-10,28.1,10.237983333333332,Summer
2011-02-11,25.1,3.978947222222222,Summer
2011-02-12,17.6,10.035008333333334,Summer
2011-02-13,19.5,8.657955555555555,Summer
2011-02-14,23.7,13.0,Summer
2011-02-15,27.7,13.0,Summer
2011-02-16,25.6,11.814136111111111,Summer
2011-02-17,24.8,13.0,Summer
2011-02-18,27.0,6.847272222222222,Summer
2011-02-19,25.8,11.801324999999999,Summer
2011-02-20,19.7,9.852494444444446,Summer
2011-02-21,16.9,12.0,Summer
2011-02-22,19.2,12.984455555555556,Summer
2011-02-23,20.3,12.966822222222222,Summer
2011-02-24,22.7,11.432441666666668,Summer
2011-02-25,22.0,10.726219444444444,Summer
2011-02-26,28.2,9.155655555555557,Summer
2011-02-27,19.7,4.875447222222222,Summer
2011-02-28,18.8,7.418872222222221,Summer
2011-03-01,16.2,12.8059,Autumn
2011-03-02,18.3,12.766333333333334,Autumn
2011-03-03,17.4,9.008569444444444,Autumn
2011-03-04,16.1,6.996861111111111,Autumn
2011-03-05,21.7,12.646219444444444,Autumn
2011-03-06,25.6,12.605699999999999,Autumn
2011-03-07,26.7,12.564991666666668,Autumn
2011-03-08,25.9,4.548122222222222,Autumn
2011-03-09,23.8,8.309711111111111,Autumn
2011-03-10,18.7,2.876141666666667,Autumn
2011-03-11,24.0,11.702408333333333,Autumn
2011-03-12,27.5,12.359602777777777,Autumn
2011-03-13,28.6,10.733294444444445,Autumn
2011-03-14,20.4,11.947322222222223,Autumn
2011-03-15,23.8,11.511852777777777,Autumn
2011-03-16,18.7,11.290094444444444,Autumn
2011-03-17,17.5,11.955875,Autumn
2011-03-18,17.5,11.734191666666666,Autumn
2011-03-19,22.3,11.512588888888889,Autumn
2011-03-20,26.9,11.210313888888889,Autumn
2011-03-21,25.7,9.568122222222222,Autumn
2011-03-22,22.8,3.3442472222222226,Autumn
2011-03-23,20.9,9.528944444444443,Autumn
2011-03-24,18.4,5.827086111111111,Autumn
2011-03-25,16.2,6.5077694444444445,Autumn
2011-03-26,17.0,8.447225,Autumn
2011-03-27,18.8,11.099394444444444,Autumn
2011-03-28,22.6,11.188116666666668,Autumn
2011-03-29,26.0,11.11505,Autumn
2011-03-30,19.6,6.246736111111111,Autumn
2011-03-31,16.5,9.749052777777777,Autumn
2011-04-01,20.2,11.057475,Autumn
2011-04-02,15.9,9.442380555555555,Autumn
2011-04-03,16.2,4.83731388888889,Autumn
2011-04-04,16.8,6.108491666666667,Autumn
2011-04-05,21.1,10.777902777777777,Autumn
2011-04-06,23.7,11.01503611111111,Autumn
2011-04-07,24.3,11.0,Autumn
2011-04-08,24.3,10.999277777777777,Autumn
2011-04-09,25.4,9.091808333333333,Autumn
2011-04-10,15.7,9.96246388888889,Autumn
2011-04-11,15.9,10.928002777777778,Autumn
2011-04-12,15.7,8.48911388888889,Autumn
2011-04-13,16.1,1.2117888888888888,Autumn
2011-04-14,16.9,6.548202777777777,Autumn
2011-04-15,18.2,9.651652777777777,Autumn
2011-04-16,17.5,10.227841666666668,Autumn
2011-04-17,17.1,10.788427777777777,Autumn
2011-04-18,21.3,10.0,Autumn
2011-04-19,21.6,4.495541666666667,Autumn
2011-04-20,18.3,6.480005555555556,Autumn
2011-04-21,19.6,10.664677777777777,Autumn
2011-04-22,15.9,10.675500000000001,Autumn
2011-04-23,18.2,7.075466666666666,Autumn
2011-04-24,17.0,10.359844444444445,Autumn
2011-04-25,17.5,9.208016666666667,Autumn
2011-04-26,19.1,10.04045,Autumn
2011-04-27,19.2,9.240547222222222,Autumn
2011-04-28,20.4,10.139552777777778,Autumn
2011-04-29,20.8,9.946616666666667,Autumn
2011-04-30,21.1,9.837627777777778,Autumn
2011-05-01,19.1,3.923177777777778,Autumn
2011-05-02,16.8,9.530475,Autumn
2011-05-03,15.7,8.837802777777778,Autumn
2011-05-04,15.7,9.74616111111111,Autumn
2011-05-05,13.2,6.368083333333333,Autumn
2011-05-06,14.1,8.484458333333333,Autumn
2011-05-07,15.6,5.970133333333333,Autumn
2011-05-08,14.3,9.289908333333333,Autumn
2011-05-09,13.3,9.797422222222222,Autumn
2011-05-10,12.7,7.462586111111111,Autumn
2011-05-11,10.4,9.766372222222223,Autumn
2011-05-12,13.6,4.031302777777778,Autumn
2011-05-13,14.8,9.048133333333332,Autumn
2011-05-14,12.8,9.536005555555557,Autumn
2011-05-15,13.9,6.295386111111111,Autumn
2011-05-16,14.3,7.9231,Autumn
2011-05-17,14.4,8.763341666666665,Autumn
2011-05-18,15.6,6.875752777777778,Autumn
2011-05-19,17.1,9.651452777777779,Autumn
2011-05-20,18.0,7.005066666666667,Autumn
2011-05-21,19.1,9.598427777777777,Autumn
2011-05-22,18.6,5.375183333333333,Autumn
2011-05-23,14.2,6.631805555555555,Autumn
2011-05-24,12.6,7.387852777777778,Autumn
2011-05-25,12.2,8.592052777777777,Autumn
2011-05-26,13.5,8.352427777777779,Autumn
2011-05-27,13.6,5.510841666666666,Autumn
2011-05-28,13.2,8.498711111111112,Autumn
2011-05-29,13.4,8.1636,Autumn
2011-05-30,13.7,8.65311111111111,Autumn
2011-05-31,13.2,8.113922222222222,Autumn
2011-06-01,16.8,9.12849722222222,Winter
2011-06-02,17.4,9.041747222222222,Winter
2011-06-03,16.6,5.694444444444445,Winter
2011-06-04,14.3,9.0,Winter
2011-06-05,14.8,9.058977777777777,Winter
2011-06-06,11.9,7.619963888888889,Winter
2011-06-07,9.4,6.787680555555556,Winter
2011-06-08,10.6,8.916286111111111,Winter
2011-06-09,12.0,8.980158333333334,Winter
2011-06-10,12.3,9.0,Winter
2011-06-11,13.5,9.0,Winter
2011-06-12,13.3,8.065119444444445,Winter
2011-06-13,13.0,8.908072222222222,Winter
2011-06-14,12.9,5.601258333333333,Winter
2011-06-15,12.7,8.817144444444445,Winter
2011-06-16,15.3,6.2115583333333335,Winter
2011-06-17,12.1,8.836991666666666,Winter
2011-06-18,14.2,7.137391666666667,Winter
2011-06-19,14.8,3.272163888888889,Winter
2011-06-20,15.5,7.396308333333333,Winter
2011-06-21,13.7,9.0,Winter
2011-06-22,12.6,6.0,Winter
2011-06-23,14.3,7.386755555555555,Winter
2011-06-24,16.0,9.0,Winter
2011-06-25,14.4,9.0,Winter
2011-06-26,14.8,9.0,Winter
2011-06-27,14.4,9.0,Winter
2011-06-28,12.3,7.474436111111111,Winter
2011-06-29,16.0,9.0,Winter
2011-06-30,15.8,8.783413888888889,Winter
2011-07-01,15.2,8.587072222222222,Winter
2011-07-02,14.5,9.0,Winter
2011-07-03,12.6,2.4895416666666668,Winter
2011-07-04,13.6,9.0,Winter
2011-07-05,11.4,7.029044444444445,Winter
2011-07-06,12.3,4.938469444444445,Winter
2011-07-07,10.8,8.850711111111112,Winter
2011-07-08,11.7,4.3336,Winter
2011-07-09,13.1,9.0,Winter
2011-07-10,11.0,0.6071083333333334,Winter
2011-07-11,12.4,8.21656111111111,Winter
2011-07-12,12.9,5.037030555555556,Winter
2011-07-13,11.5,8.623333333333333,Winter
2011-07-14,11.9,9.002133333333333,Winter
2011-07-15,12.0,9.0,Winter
2011-07-16,14.3,9.0,Winter
2011-07-17,11.9,0.0,Winter
2011-07-18,10.5,5.5448916666666666,Winter
2011-07-19,12.9,8.103894444444444,Winter
2011-07-20,11.7,4.668236111111112,Winter
2011-07-21,11.4,5.642044444444444,Winter
2011-07-22,13.7,8.307594444444444,Winter
2011-07-23,11.1,7.838572222222222,Winter
2011-07-24,11.1,1.0361638888888889,Winter
2011-07-25,12.6,6.180172222222222,Winter
2011-07-26,11.8,9.026772222222222,Winter
2011-07-27,13.3,9.289408333333334,Winter
2011-07-28,13.8,9.344027777777777,Winter
2011-07-29,14.7,9.41748611111111,Winter
2011-07-30,13.9,2.4950472222222224,Winter
2011-07-31,16.7,9.434152777777777,Winter
2011-08-01,17.1,9.27946388888889,Winter
2011-08-02,17.6,9.134519444444443,Winter
2011-08-03,19.7,9.510902777777778,Winter
2011-08-04,20.4,8.362066666666665,Winter
2011-08-05,18.6,8.059055555555554,Winter
2011-08-06,14.2,9.0,Winter
2011-08-07,12.1,7.666794444444444,Winter
2011-08-08,11.2,9.684113888888888,Winter
2011-08-09,11.4,5.176255555555556,Winter
2011-08-10,11.1,0.06898888888888889,Winter
2011-08-11,13.6,5.5595944444444445,Winter
2011-08-12,11.5,9.586816666666667,Winter
2011-08-13,13.9,4.326502777777778,Winter
2011-08-14,15.6,9.13498888888889,Winter
2011-08-15,14.4,0.0,Winter
2011-08-16,18.2,9.63331111111111,Winter
2011-08-17,15.2,0.0,Winter
2011-08-18,12.9,1.7658555555555555,Winter
2011-08-19,15.9,6.9128694444444445,Winter
2011-08-20,15.6,10.669697222222224,Winter
2011-08-21,16.9,10.261458333333334,Winter
2011-08-22,17.5,10.742902777777777,Winter
2011-08-23,17.3,10.777130555555555,Winter
2011-08-24,18.2,10.791294444444446,Winter
2011-08-25,18.9,9.805427777777778,Winter
2011-08-26,13.2,10.015213888888889,Winter
2011-08-27,15.4,10.065891666666666,Winter
2011-08-28,17.4,10.847641666666668,Winter
2011-08-29,12.8,10.214572222222221,Winter
2011-08-30,13.5,8.934772222222222,Winter
2011-08-31,14.5,8.311597222222222,Winter
2011-09-01,14.5,9.830263888888888,Spring
2011-09-02,19.1,9.728997222222223,Spring
2011-09-03,19.2,10.859588888888888,Spring
2011-09-04,20.3,9.94533611111111,Spring
2011-09-05,19.3,9.02525,Spring
2011-09-06,15.1,10.973175,Spring
2011-09-07,13.0,10.987094444444445,Spring
2011-09-08,13.5,10.87135,Spring
2011-09-09,11.1,11.037813888888888,Spring
2011-09-10,13.1,10.605500000000001,Spring
2011-09-11,12.3,10.181613888888888,Spring
2011-09-12,13.0,10.349322222222222,Spring
2011-09-13,17.5,11.0,Spring
2011-09-14,15.0,9.423508333333332,Spring
2011-09-15,16.1,9.138452777777777,Spring
2011-09-16,19.7,8.651125,Spring
2011-09-17,23.1,10.015625,Spring
2011-09-18,17.2,10.921805555555556,Spring
2011-09-19,25.3,11.669961111111112,Spring
2011-09-20,14.2,10.706852777777778,Spring
2011-09-21,19.8,11.389861111111111,Spring
2011-09-22,22.5,11.747163888888888,Spring
2011-09-23,18.4,11.750441666666665,Spring
2011-09-24,13.5,11.799261111111111,Spring
2011-09-25,17.3,11.825413888888889,Spring
2011-09-26,19.4,10.715480555555557,Spring
2011-09-27,20.7,11.3098,Spring
2011-09-28,20.4,4.236202777777778,Spring
2011-09-29,14.3,5.616847222222223,Spring
2011-09-30,15.0,9.956036111111112,Spring
2011-10-01,13.3,8.38851111111111,Spring
2011-10-02,14.6,12.070625,Spring
2011-10-03,16.5,12.063338888888888,Spring
2011-10-04,19.9,12.0,Spring
2011-10-05,20.4,6.284780555555555,Spring
2011-10-06,18.6,9.668205555555556,Spring
2011-10-07,18.9,6.747969444444444,Spring
2011-10-08,17.0,8.333830555555556,Spring
2011-10-09,13.2,11.0,Spring
2011-10-10,13.7,6.277433333333333,Spring
2011-10-11,13.7,11.615463888888888,Spring
2011-10-12,14.6,12.240641666666667,Spring
2011-10-13,20.3,12.0,Spring
2011-10-14,23.6,12.157191666666666,Spring
2011-10-15,20.7,12.219672222222222,Spring
2011-10-16,14.8,12.538313888888888,Spring
2011-10-17,16.8,12.634769444444444,Spring
2011-10-18,23.2,12.721666666666666,Spring
2011-10-19,26.7,12.809013888888888,Spring
2011-10-20,28.4,11.734847222222221,Spring
2011-10-21,16.0,0.5492527777777778,Spring
2011-10-22,18.9,7.983852777777778,Spring
2011-10-23,27.8,11.673594444444445,Spring
2011-10-24,20.0,1.0,Spring
2011-10-25,15.2,6.28565,Spring
2011-10-26,18.9,13.019449999999999,Spring
2011-10-27,22.6,13.110397222222222,Spring
2011-10-28,27.5,9.054577777777778,Spring
2011-10-29,20.6,12.467452777777778,Spring
2011-10-30,15.1,6.447261111111111,Spring
2011-10-31,14.9,7.188122222222223,Spring
2011-11-01,16.8,5.3343388888888885,Spring
2011-11-02,15.3,3.8016694444444443,Spring
2011-11-03,15.7,8.939233333333334,Spring
2011-11-04,18.8,9.453341666666667,Spring
2011-11-05,28.2,13.658480555555554,Spring
2011-11-06,26.0,11.212377777777776,Spring
2011-11-07,26.4,13.726633333333332,Spring
2011-11-08,25.7,6.513280555555556,Spring
2011-11-09,26.3,5.423238888888889,Spring
2011-11-10,19.5,11.500250000000001,Spring
2011-11-11,22.4,12.261949999999999,Spring
2011-11-12,21.7,13.871930555555554,Spring
2011-11-13,24.9,8.560944444444445,Spring
2011-11-14,22.0,13.727730555555556,Spring
2011-11-15,26.7,12.01057222222222,Spring
2011-11-16,18.1,13.576030555555555,Spring
2011-11-17,25.2,13.638241666666666,Spring
2011-11-18,31.2,11.594333333333333,Spring
2011-11-19,24.8,7.92565,Spring
2011-11-20,19.8,13.0,Spring
2011-11-21,20.8,13.97866111111111,Spring
2011-11-22,18.7,13.219816666666667,Spring
2011-11-23,16.5,13.99658611111111,Spring
2011-11-24,22.6,14.0,Spring
2011-11-25,21.9,9.456700000000001,Spring
2011-11-26,17.0,0.36888611111111114,Spring
2011-11-27,20.7,10.066658333333333,Spring
2011-11-28,28.0,13.833874999999999,Spring
2011-11-29,29.6,10.212733333333333,Spring
2011-11-30,24.4,10.809958333333332,Spring
2011-12-01,15.4,14.0,Summer
2011-12-02,18.4,14.0,Summer
2011-12-03,17.9,13.152713888888888,Summer
2011-12-04,14.2,10.920622222222221,Summer
2011-12-05,19.0,14.154655555555555,Summer
2011-12-06,22.7,14.0,Summer
2011-12-07,25.3,14.141327777777777,Summer
2011-12-08,29.0,14.134836111111111,Summer
2011-12-09,28.6,10.388102777777778,Summer
2011-12-10,28.2,10.498375000000001,Summer
2011-12-11,18.0,8.68521111111111,Summer
2011-12-12,17.8,13.396877777777778,Summer
2011-12-13,16.2,9.6961,Summer
2011-12-14,17.9,14.372158333333333,Summer
2011-12-15,20.2,14.366477777777778,Summer
2011-12-16,25.6,14.45255,Summer
2011-12-17,29.4,13.88241111111111,Summer
2011-12-18,25.1,5.885761111111112,Summer
2011-12-19,22.4,11.052694444444443,Summer
2011-12-20,19.4,13.831016666666669,Summer
2011-12-21,24.2,12.745247222222222,Summer
2011-12-22,25.3,14.606388888888889,Summer
2011-12-23,28.3,14.195522222222221,Summer
2011-12-24,28.2,14.583483333333334,Summer
2011-12-25,32.2,12.735016666666667,Summer
2011-12-26,18.8,12.085044444444446,Summer
2011-12-27,18.3,13.957077777777778,Summer
2011-12-28,20.8,14.60523888888889,Summer
2011-12-29,21.1,12.060683333333333,Summer
2011-12-30,25.5,14.293944444444444,Summer
2011-12-31,32.1,14.582533333333334,Summer
2012-01-01,31.1,14.572844444444444,Summer
2012-01-02,37.2,14.004052777777776,Summer
2012-01-03,32.8,12.135622222222223,Summer
2012-01-04,23.2,12.972811111111112,Summer
2012-01-05,19.3,13.446475,Summer
2012-01-06,22.3,13.829966666666666,Summer
2012-01-07,29.2,7.264991666666667,Summer
2012-01-08,27.6,9.008877777777778,Summer
2012-01-09,21.9,10.413094444444445,Summer
2012-01-10,18.9,9.434955555555554,Summer
2012-01-11,15.9,14.353183333333334,Summer
2012-01-12,18.8,9.318888888888889,Summer
2012-01-13,18.2,8.055572222222223,Summer
2012-01-14,18.2,9.017908333333335,Summer
2012-01-15,21.5,14.295419444444445,Summer
2012-01-16,30.7,14.319513888888888,Summer
2012-01-17,32.2,14.296472222222222,Summer
2012-01-18,25.5,13.872283333333334,Summer
2012-01-19,23.1,14.030897222222222,Summer
2012-01-20,22.9,13.553972222222223,Summer
2012-01-21,25.9,11.156274999999999,Summer
2012-01-22,30.4,14.000913888888888,Summer
2012-01-23,31.3,14.011691666666666,Summer
2012-01-24,32.4,13.934975000000001,Summer
2012-01-25,25.3,13.771497222222223,Summer
2012-01-26,22.7,13.434383333333333,Summer
2012-01-27,28.9,13.360327777777778,Summer
2012-01-28,31.3,13.200311111111112,Summer
2012-01-29,33.6,12.173288888888887,Summer
2012-01-30,27.6,10.393797222222222,Summer
2012-01-31,17.3,11.978294444444444,Summer
2012-02-01,22.1,12.73305,Summer
2012-02-02,23.9,13.193005555555555,Summer
2012-02-03,25.0,13.20275,Summer
2012-02-04,31.8,12.327497222222222,Summer
2012-02-05,31.6,10.249161111111112,Summer
2012-02-06,21.9,13.049219444444445,Summer
2012-02-07,18.6,10.071677777777778,Summer
2012-02-08,20.1,13.064747222222222,Summer
2012-02-09,24.1,13.072891666666667,Summer
2012-02-10,23.7,8.553022222222223,Summer
2012-02-11,19.0,9.5824,Summer
2012-02-12,21.6,12.810347222222223,Summer
2012-02-13,22.5,11.807775,Summer
2012-02-14,26.6,12.687750000000001,Summer
2012-02-15,31.8,11.056966666666668,Summer
2012-02-16,31.7,13.0,Summer
2012-02-17,22.2,10.767441666666667,Summer
2012-02-18,26.4,11.699455555555556,Summer
2012-02-19,27.9,8.237877777777777,Summer
2012-02-20,22.8,9.717822222222223,Summer
2012-02-21,22.0,11.520763888888888,Summer
2012-02-22,24.8,12.988280555555555,Summer
2012-02-23,26.8,12.746244444444445,Summer
2012-02-24,34.7,12.95323888888889,Summer
2012-02-25,35.4,12.935933333333333,Summer
2012-02-26,31.6,12.91874722222222,Summer
2012-02-27,24.0,0.0,Summer
2012-02-28,21.3,5.136325,Summer
2012-02-29,23.2,8.834558333333334,Summer
2012-03-01,18.5,1.7852416666666666,Autumn
2012-03-02,20.4,12.235908333333333,Autumn
2012-03-03,20.7,0.33946944444444443,Autumn
2012-03-04,24.3,11.268322222222222,Autumn
2012-03-05,18.4,11.309577777777779,Autumn
2012-03-06,19.4,11.042669444444444,Autumn
2012-03-07,20.0,9.75123611111111,Autumn
2012-03-08,20.2,9.268630555555555,Autumn
2012-03-09,22.4,9.587950000000001,Autumn
2012-03-10,18.0,10.16761388888889,Autumn
2012-03-11,18.7,11.686394444444444,Autumn
2012-03-12,21.8,12.129452777777777,Autumn
2012-03-13,28.0,11.98403888888889,Autumn
2012-03-14,28.9,10.638505555555556,Autumn
2012-03-15,28.9,11.284736111111112,Autumn
2012-03-16,22.6,8.645172222222222,Autumn
2012-03-17,19.4,11.969597222222223,Autumn
2012-03-18,21.2,11.667727777777777,Autumn
2012-03-19,25.8,11.882677777777777,Autumn
2012-03-20,26.6,11.789344444444444,Autumn
2012-03-21,22.8,7.406583333333334,Autumn
2012-03-22,19.2,9.066116666666666,Autumn
2012-03-23,15.3,10.554536111111112,Autumn
2012-03-24,17.0,7.099347222222223,Autumn
2012-03-25,17.0,9.582838888888888,Autumn
2012-03-26,18.4,9.180213888888888,Autumn
2012-03-27,19.8,8.101433333333333,Autumn
2012-03-28,21.4,10.481916666666667,Autumn
2012-03-29,24.1,11.0,Autumn
2012-03-30,26.3,11.0,Autumn
2012-03-31,28.1,10.165658333333335,Autumn
2012-04-01,18.6,10.093422222222221,Autumn
2012-04-02,24.9,11.070980555555556,Autumn
2012-04-03,24.3,11.0,Autumn
2012-04-04,24.3,11.005180555555556,Autumn
2012-04-05,25.8,11.01292222222222,Autumn
2012-04-06,28.5,10.0,Autumn
2012-04-07,17.0,10.75043611111111,Autumn
2012-04-08,18.8,8.947363888888889,Autumn
2012-04-09,14.3,10.958955555555555,Autumn
2012-04-10,14.6,8.714183333333335,Autumn
2012-04-11,17.4,10.910866666666667,Autumn
2012-04-12,21.2,10.886936111111112,Autumn
2012-04-13,23.5,10.863119444444445,Autumn
2012-04-14,23.6,10.839433333333334,Autumn
2012-04-15,25.8,10.81591388888889,Autumn
2012-04-16,18.7,9.312463888888889,Autumn
2012-04-17,22.0,9.757997222222222,Autumn
2012-04-18,23.2,10.746572222222223,Autumn
2012-04-19,21.8,6.486952777777778,Autumn
2012-04-20,22.0,10.70163611111111,Autumn
2012-04-21,24.5,9.189291666666666,Autumn
2012-04-22,21.5,6.596019444444444,Autumn
2012-04-23,17.7,10.0,Autumn
2012-04-24,11.9,4.806244444444444,Autumn
2012-04-25,14.5,7.2828638888888895,Autumn
2012-04-26,16.1,7.791725,Autumn
2012-04-27,17.8,10.030969444444445,Autumn
2012-04-28,20.2,10.19795,Autumn
2012-04-29,14.6,9.918205555555556,Autumn
2012-04-30,18.1,8.404555555555556,Autumn
2012-05-01,20.3,9.525947222222223,Autumn
2012-05-02,15.0,4.049441666666667,Autumn
2012-05-03,11.8,0.6745027777777778,Autumn
2012-05-04,14.2,6.635022222222223,Autumn
2012-05-05,14.2,6.018,Autumn
2012-05-06,14.4,7.499061111111111,Autumn
2012-05-07,14.4,3.6928416666666664,Autumn
2012-05-08,19.1,9.7996,Autumn
2012-05-09,20.2,9.784738888888889,Autumn
2012-05-10,18.2,9.786758333333333,Autumn
2012-05-11,16.0,8.828105555555556,Autumn
2012-05-12,13.5,9.567622222222223,Autumn
2012-05-13,12.4,8.492625,Autumn
2012-05-14,14.1,7.5165194444444445,Autumn
2012-05-15,14.6,8.40625,Autumn
2012-05-16,14.6,8.666077777777778,Autumn
2012-05-17,17.1,9.670405555555556,Autumn
2012-05-18,16.6,8.807483333333334,Autumn
2012-05-19,13.6,5.743758333333333,Autumn
2012-05-20,14.2,9.595697222222222,Autumn
2012-05-21,15.0,9.6152,Autumn
2012-05-22,15.9,8.999516666666667,Autumn
2012-05-23,17.8,9.529925,Autumn
2012-05-24,14.5,6.538113888888889,Autumn
2012-05-25,10.5,0.0,Autumn
2012-05-26,13.6,8.502391666666666,Autumn
2012-05-27,13.2,8.616075,Autumn
2012-05-28,14.1,7.453266666666666,Autumn
2012-05-29,14.4,8.340763888888889,Autumn
2012-05-30,14.8,7.363502777777778,Autumn
2012-05-31,15.7,6.504475,Autumn
2012-06-01,15.5,9.133230555555555,Winter
2012-06-02,14.1,9.046047222222223,Winter
2012-06-03,11.9,6.695313888888889,Winter
2012-06-04,12.3,0.0,Winter
2012-06-05,11.2,7.261152777777778,Winter
2012-06-06,12.2,8.900286111111111,Winter
2012-06-07,12.9,8.675155555555556,Winter
2012-06-08,13.1,7.525816666666667,Winter
2012-06-09,12.4,6.294808333333334,Winter
2012-06-10,11.8,7.669363888888888,Winter
2012-06-11,11.2,6.0941888888888895,Winter
2012-06-12,15.4,9.0,Winter
2012-06-13,15.1,8.730633333333333,Winter
2012-06-14,13.6,4.4610916666666665,Winter
2012-06-15,14.8,8.653994444444445,Winter
2012-06-16,15.3,9.0,Winter
2012-06-17,13.6,7.657097222222222,Winter
2012-06-18,15.4,7.438533333333334,Winter
2012-06-19,12.0,9.0,Winter
2012-06-20,11.9,8.154252777777778,Winter
2012-06-21,11.3,0.0,Winter
2012-06-22,10.7,5.055816666666666,Winter
2012-06-23,13.3,6.8287916666666675,Winter
2012-06-24,14.4,9.0,Winter
2012-06-25,13.4,5.6852833333333335,Winter
2012-06-26,10.1,9.0,Winter
2012-06-27,12.2,7.690766666666666,Winter
2012-06-28,14.0,6.0,Winter
2012-06-29,13.6,8.949969444444445,Winter
2012-06-30,11.7,8.766997222222221,Winter
2012-07-01,9.3,0.5185833333333334,Winter
2012-07-02,10.8,6.63015,Winter
2012-07-03,11.7,7.4589,Winter
2012-07-04,11.3,9.0,Winter
2012-07-05,11.6,6.467383333333334,Winter
2012-07-06,11.7,5.925627777777778,Winter
2012-07-07,11.8,8.437833333333334,Winter
2012-07-08,12.9,8.028844444444445,Winter
2012-07-09,13.9,7.189386111111111,Winter
2012-07-10,11.9,0.0,Winter
2012-07-11,14.3,5.917080555555556,Winter
2012-07-12,12.2,0.18006944444444445,Winter
2012-07-13,13.1,6.450233333333333,Winter
2012-07-14,12.0,9.0,Winter
2012-07-15,13.5,8.319708333333333,Winter
2012-07-16,15.6,8.308127777777777,Winter
2012-07-17,15.1,9.0,Winter
2012-07-18,12.3,9.0,Winter
2012-07-19,13.3,7.713847222222221,Winter
2012-07-20,13.4,7.068022222222223,Winter
2012-07-21,14.0,9.0,Winter
2012-07-22,12.9,6.4634,Winter
2012-07-23,13.4,7.513975,Winter
2012-07-24,14.2,6.679483333333333,Winter
2012-07-25,14.1,7.937455555555555,Winter
2012-07-26,12.3,7.846216666666667,Winter
2012-07-27,11.7,5.003269444444444,Winter
2012-07-28,13.2,9.0,Winter
2012-07-29,10.9,9.136694444444444,Winter
2012-07-30,11.7,9.0793,Winter
2012-07-31,11.7,9.246575,Winter
2012-08-01,11.6,6.93,Winter
2012-08-02,12.3,4.896308333333333,Winter
2012-08-03,13.5,9.675358333333334,Winter
2012-08-04,13.7,9.304358333333335,Winter
2012-08-05,14.5,8.364847222222222,Winter
2012-08-06,11.3,9.160488888888889,Winter
2012-08-07,14.5,9.689777777777778,Winter
2012-08-08,11.1,3.4560833333333334,Winter
2012-08-09,10.2,9.73895277777778,Winter
2012-08-10,11.9,8.823030555555556,Winter
2012-08-11,12.6,9.698775,Winter
2012-08-12,12.9,7.101363888888889,Winter
2012-08-13,15.6,8.226880555555555,Winter
2012-08-14,13.5,4.870105555555556,Winter
2012-08-15,13.4,4.390891666666667,Winter
2012-08-16,13.5,10.206075,Winter
2012-08-17,10.6,8.506430555555555,Winter
2012-08-18,11.3,9.480844444444445,Winter
2012-08-19,12.1,7.936644444444444,Winter
2012-08-20,12.0,8.154966666666667,Winter
2012-08-21,15.3,10.35636388888889,Winter
2012-08-22,17.7,10.636416666666666,Winter
2012-08-23,16.2,10.28068888888889,Winter
2012-08-24,11.7,9.509008333333334,Winter
2012-08-25,13.8,9.280927777777777,Winter
2012-08-26,13.3,9.767691666666668,Winter
2012-08-27,14.7,9.88749722222222,Winter
2012-08-28,16.3,10.858044444444443,Winter
2012-08-29,16.6,9.831886111111112,Winter
2012-08-30,11.4,10.88601388888889,Winter
2012-08-31,11.4,9.187219444444445,Winter
2012-09-01,12.7,10.91395,Spring
2012-09-02,17.1,10.927911111111111,Spring
2012-09-03,19.3,10.0,Spring
2012-09-04,20.3,10.955819444444444,Spring
2012-09-05,18.6,9.949680555555554,Spring
2012-09-06,16.6,10.743797222222222,Spring
2012-09-07,13.3,10.81861111111111,Spring
2012-09-08,13.8,6.660230555555556,Spring
2012-09-09,16.2,11.0,Spring
2012-09-10,17.8,11.177427777777778,Spring
2012-09-11,18.4,11.245752777777778,Spring
2012-09-12,20.3,8.843811111111112,Spring
2012-09-13,12.4,11.382211111111111,Spring
2012-09-14,14.1,4.474702777777778,Spring
2012-09-15,14.1,11.086077777777778,Spring
2012-09-16,14.4,1.6912833333333332,Spring
2012-09-17,14.1,5.6476444444444445,Spring
2012-09-18,14.4,8.429227777777777,Spring
2012-09-19,15.7,10.554180555555556,Spring
2012-09-20,20.6,11.715577777777778,Spring
2012-09-21,16.5,11.0,Spring
2012-09-22,18.2,9.670005555555555,Spring
2012-09-23,16.2,11.794536111111112,Spring
2012-09-24,12.5,11.404577777777778,Spring
2012-09-25,16.0,11.788916666666665,Spring
2012-09-26,19.6,11.106427777777778,Spring
2012-09-27,23.7,11.0355,Spring
2012-09-28,17.5,1.1444416666666666,Spring
2012-09-29,12.8,11.950455555555555,Spring
2012-09-30,13.0,11.079905555555557,Spring
2012-10-01,14.6,12.0,Spring
2012-10-02,19.6,10.240122222222222,Spring
2012-10-03,24.3,12.057819444444444,Spring
2012-10-04,26.8,12.050466666666667,Spring
2012-10-05,15.0,11.469747222222221,Spring
2012-10-06,11.4,6.644361111111111,Spring
2012-10-07,13.7,11.825911111111111,Spring
2012-10-08,13.1,10.532591666666667,Spring
2012-10-09,15.2,12.175683333333334,Spring
2012-10-10,14.8,11.670380555555557,Spring
2012-10-11,13.3,10.926391666666667,Spring
2012-10-12,13.1,10.327466666666666,Spring
2012-10-13,14.5,12.227677777777778,Spring
2012-10-14,20.8,12.406469444444445,Spring
2012-10-15,24.4,8.286144444444444,Spring
2012-10-16,21.8,10.129819444444443,Spring
2012-10-17,15.1,8.688738888888889,Spring
2012-10-18,18.6,11.437055555555556,Spring
2012-10-19,26.3,12.619772222222222,Spring
2012-10-20,20.3,12.358263888888889,Spring
2012-10-21,15.6,12.048947222222221,Spring
2012-10-22,16.9,12.656422222222224,Spring
2012-10-23,21.2,11.317741666666667,Spring
2012-10-24,24.5,9.672644444444444,Spring
2012-10-25,20.9,9.54792222222222,Spring
2012-10-26,15.2,10.641708333333334,Spring
2012-10-27,14.3,5.949811111111111,Spring
2012-10-28,17.2,13.293194444444444,Spring
2012-10-29,26.3,12.884275,Spring
2012-10-30,28.9,13.470699999999999,Spring
2012-10-31,30.1,9.962202777777778,Spring
2012-11-01,19.2,4.395477777777778,Spring
2012-11-02,15.0,9.688922222222223,Spring
2012-11-03,23.1,10.177177777777777,Spring
2012-11-04,26.5,13.481116666666665,Spring
2012-11-05,26.2,3.6402944444444443,Spring
2012-11-06,22.6,7.837883333333334,Spring
2012-11-07,19.6,4.764747222222223,Spring
2012-11-08,19.0,12.823186111111111,Spring
2012-11-09,16.7,13.799286111111112,Spring
2012-11-10,18.1,13.341088888888889,Spring
2012-11-11,25.2,13.86818888888889,Spring
2012-11-12,26.4,9.0,Spring
2012-11-13,17.3,13.895119444444445,Spring
2012-11-14,19.2,12.764127777777778,Spring
2012-11-15,17.9,8.088188888888888,Spring
2012-11-16,16.1,13.69801111111111,Spring
2012-11-17,16.9,10.597158333333333,Spring
2012-11-18,17.6,13.954894444444445,Spring
2012-11-19,21.7,13.965477777777778,Spring
2012-11-20,26.9,13.975577777777778,Spring
2012-11-21,21.6,13.985183333333334,Spring
2012-11-22,19.8,13.731027777777777,Spring
2012-11-23,22.5,14.0,Spring
2012-11-24,30.9,13.191022222222223,Spring
2012-11-25,21.2,12.908930555555555,Spring
2012-11-26,21.5,10.545766666666667,Spring
2012-11-27,22.2,11.090263888888888,Spring
2012-11-28,26.6,14.020533333333333,Spring
2012-11-29,35.8,13.560233333333333,Spring
2012-11-30,29.1,8.81686388888889,Spring
2012-12-01,26.2,10.587077777777779,Summer
2012-12-02,17.7,10.103391666666667,Summer
2012-12-03,19.7,9.213938888888888,Summer
2012-12-04,16.0,14.0,Summer
2012-12-05,16.3,13.254127777777779,Summer
2012-12-06,19.7,11.230305555555555,Summer
2012-12-07,28.5,14.136580555555556,Summer
2012-12-08,34.2,14.129797222222221,Summer
2012-12-09,18.0,14.123133333333334,Summer
2012-12-10,21.1,14.299308333333334,Summer
2012-12-11,26.7,14.293066666666666,Summer
2012-12-12,32.1,14.286952777777778,Summer
2012-12-13,35.5,11.0,Summer
2012-12-14,22.7,0.4243138888888889,Summer
2012-12-15,22.0,9.052266666666666,Summer
2012-12-16,20.7,8.951702777777777,Summer
2012-12-17,19.8,14.259216666666667,Summer
2012-12-18,24.5,14.43768611111111,Summer
2012-12-19,26.7,5.018283333333334,Summer
2012-12-20,21.4,14.337055555555557,Summer
2012-12-21,20.8,14.516288888888889,Summer
2012-12-22,28.4,14.622552777777779,Summer
2012-12-23,36.0,14.497891666666668,Summer
2012-12-24,28.1,10.64995,Summer
2012-12-25,20.0,14.069533333333334,Summer
2012-12-26,23.4,14.611180555555556,Summer
2012-12-27,30.5,14.169894444444445,Summer
2012-12-28,19.3,11.872336111111112,Summer
2012-12-29,20.0,10.57927222222222,Summer
2012-12-30,20.5,14.58328611111111,Summer
2012-12-31,23.1,14.573852777777779,Summer
2013-01-01,23.9,14.551013888888889,Summer
2013-01-02,19.8,13.423777777777778,Summer
2013-01-03,35.0,14.539916666666667,Summer
2013-01-04,39.0,14.52678888888889,Summer
2013-01-05,30.8,14.512780555555556,Summer
2013-01-06,25.7,14.497911111111112,Summer
2013-01-07,33.0,14.482202777777777,Summer
2013-01-08,29.4,13.157063888888889,Summer
2013-01-09,19.1,13.221836111111111,Summer
2013-01-10,26.5,14.317855555555555,Summer
2013-01-11,36.2,13.67068888888889,Summer
2013-01-12,22.6,9.4016,Summer
2013-01-13,18.4,0.5254555555555556,Summer
2013-01-14,21.0,14.293555555555557,Summer
2013-01-15,28.6,14.325669444444445,Summer
2013-01-16,25.8,13.850727777777779,Summer
2013-01-17,38.9,14.277569444444444,Summer
2013-01-18,29.2,10.531022222222223,Summer
2013-01-19,20.9,11.5761,Summer
2013-01-20,24.9,14.117733333333332,Summer
2013-01-21,27.9,13.576875,Summer
2013-01-22,23.4,10.540313888888889,Summer
2013-01-23,23.0,13.669508333333335,Summer
2013-01-24,34.0,13.507241666666667,Summer
2013-01-25,27.9,8.039305555555556,Summer
2013-01-26,20.8,13.11278888888889,Summer
2013-01-27,21.5,9.984558333333334,Summer
2013-01-28,23.7,13.309905555555556,Summer
2013-01-29,19.3,11.259725000000001,Summer
2013-01-30,27.2,13.325627777777779,Summer
2013-01-31,25.7,11.0,Summer
2013-02-01,17.6,12.338022222222222,Summer
2013-02-02,18.8,6.492111111111111,Summer
2013-02-03,21.6,9.809825,Summer
2013-02-04,21.7,13.125438888888889,Summer
2013-02-05,28.4,13.132811111111112,Summer
2013-02-06,35.1,13.0,Summer
2013-02-07,35.0,13.0,Summer
2013-02-08,28.9,13.071580555555556,Summer
2013-02-09,31.6,13.0,Summer
2013-02-10,21.1,9.61301111111111,Summer
2013-02-11,24.9,13.01316111111111,Summer
2013-02-12,26.1,13.0,Summer
2013-02-13,30.7,13.0,Summer
2013-02-14,31.0,13.0,Summer
2013-02-15,29.9,13.0,Summer
2013-02-16,32.1,13.0,Summer
2013-02-17,33.1,13.0,Summer
2013-02-18,34.1,13.0,Summer
2013-02-19,27.1,11.252461111111112,Summer
2013-02-20,28.7,13.0,Summer
2013-02-21,31.1,10.717811111111113,Summer
2013-02-22,30.4,12.975238888888889,Summer
2013-02-23,30.4,12.957819444444445,Summer
2013-02-24,32.2,12.94047222222222,Summer
2013-02-25,30.3,11.194902777777779,Summer
2013-02-26,26.8,4.0,Summer
2013-02-27,27.9,7.274744444444445,Summer
2013-02-28,17.8,7.678588888888888,Summer
2013-03-01,22.2,12.785608333333334,Autumn
2013-03-02,24.9,12.744930555555555,Autumn
2013-03-03,26.3,12.704191666666667,Autumn
2013-03-04,29.3,12.663422222222222,Autumn
2013-03-05,30.5,12.622652777777779,Autumn
2013-03-06,31.5,12.581916666666666,Autumn
2013-03-07,32.5,11.928766666666666,Autumn
2013-03-08,32.7,12.166794444444443,Autumn
2013-03-09,33.5,11.722344444444445,Autumn
2013-03-10,32.1,12.400091666666667,Autumn
2013-03-11,34.2,12.314752777777779,Autumn
2013-03-12,34.6,12.339347222222223,Autumn
2013-03-13,27.3,12.298819444444444,Autumn
2013-03-14,21.4,10.581447222222222,Autumn
2013-03-15,22.6,11.359677777777776,Autumn
2013-03-16,20.9,5.1640749999999995,Autumn
2013-03-17,15.9,8.953994444444445,Autumn
2013-03-18,18.7,7.733691666666667,Autumn
2013-03-19,22.2,11.563830555555557,Autumn
2013-03-20,26.6,11.462208333333333,Autumn
2013-03-21,22.7,7.734080555555555,Autumn
2013-03-22,19.7,4.030594444444445,Autumn
2013-03-23,23.5,11.152663888888888,Autumn
2013-03-24,24.3,10.001191666666667,Autumn
2013-03-25,23.3,11.118444444444444,Autumn
2013-03-26,28.9,11.263794444444445,Autumn
2013-03-27,33.4,9.0,Autumn
2013-03-28,20.5,7.785941666666666,Autumn
2013-03-29,18.9,9.805636111111111,Autumn
2013-03-30,21.2,5.585080555555556,Autumn
2013-03-31,17.7,7.3389138888888885,Autumn
2013-04-01,21.5,10.712319444444445,Autumn
2013-04-02,18.7,8.490355555555555,Autumn
2013-04-03,16.8,9.234663888888889,Autumn
2013-04-04,19.4,11.00318888888889,Autumn
2013-04-05,22.7,11.010947222222223,Autumn
2013-04-06,25.2,11.018711111111111,Autumn
2013-04-07,26.5,10.708769444444444,Autumn
2013-04-08,22.1,10.09118611111111,Autumn
2013-04-09,22.2,10.305911111111111,Autumn
2013-04-10,22.5,10.357797222222223,Autumn
2013-04-11,17.8,0.5173388888888889,Autumn
2013-04-12,25.8,10.891075,Autumn
2013-04-13,23.4,0.24658611111111112,Autumn
2013-04-14,19.0,8.008441666666666,Autumn
2013-04-15,15.5,2.7158305555555553,Autumn
2013-04-16,17.6,10.796999999999999,Autumn
2013-04-17,16.7,3.6275638888888886,Autumn
2013-04-18,15.6,10.069127777777778,Autumn
2013-04-19,14.9,9.852913888888889,Autumn
2013-04-20,16.5,7.199005555555555,Autumn
2013-04-21,20.3,9.204319444444446,Autumn
2013-04-22,17.7,3.2712333333333334,Autumn
2013-04-23,16.9,8.890480555555555,Autumn
2013-04-24,18.0,8.725063888888888,Autumn
2013-04-25,19.5,10.465911111111112,Autumn
2013-04-26,21.2,10.121516666666666,Autumn
2013-04-27,23.4,10.288444444444444,Autumn
2013-04-28,19.3,5.200033333333333,Autumn
2013-04-29,17.2,8.032491666666667,Autumn
2013-04-30,17.4,9.866219444444445,Autumn
2013-05-01,15.2,6.621166666666667,Autumn
2013-05-02,15.3,10.181530555555556,Autumn
2013-05-03,18.1,7.22106388888889,Autumn
2013-05-04,14.6,6.803533333333334,Autumn
2013-05-05,14.5,9.410627777777778,Autumn
2013-05-06,16.8,9.987961111111112,Autumn
2013-05-07,17.8,7.0,Autumn
2013-05-08,22.2,9.803844444444444,Autumn
2013-05-09,23.4,9.795608333333334,Autumn
2013-05-10,23.4,9.78936388888889,Autumn
2013-05-11,23.4,9.35621388888889,Autumn
2013-05-12,21.1,6.610519444444444,Autumn
2013-05-13,15.8,9.440758333333335,Autumn
2013-05-14,13.8,6.911163888888889,Autumn
2013-05-15,15.3,6.815975,Autumn
2013-05-16,13.9,7.463727777777777,Autumn
2013-05-17,13.8,8.574383333333333,Autumn
2013-05-18,13.0,9.659577777777779,Autumn
2013-05-19,14.6,9.441327777777778,Autumn
2013-05-20,14.8,5.360044444444444,Autumn
2013-05-21,14.3,8.294127777777778,Autumn
2013-05-22,14.1,5.284811111111111,Autumn
2013-05-23,15.2,9.0,Autumn
2013-05-24,14.2,9.049936111111112,Autumn
2013-05-25,17.4,9.452661111111112,Autumn
2013-05-26,15.6,8.734569444444444,Autumn
2013-05-27,14.8,8.366741666666666,Autumn
2013-05-28,17.3,8.533783333333332,Autumn
2013-05-29,17.6,6.830916666666666,Autumn
2013-05-30,15.0,0.10381111111111112,Autumn
2013-05-31,18.2,4.193458333333334,Autumn
2013-06-01,15.4,0.16886388888888887,Winter
2013-06-02,14.3,8.303002777777778,Winter
2013-06-03,13.4,5.377188888888889,Winter
2013-06-04,15.5,7.653755555555556,Winter
2013-06-05,13.8,1.0155277777777778,Winter
2013-06-06,16.1,7.786058333333334,Winter
2013-06-07,13.4,9.0,Winter
2013-06-08,14.0,9.0,Winter
2013-06-09,13.2,8.466375,Winter
2013-06-10,14.8,9.085130555555557,Winter
2013-06-11,14.6,5.9280944444444446,Winter
2013-06-12,12.4,0.0,Winter
2013-06-13,11.9,0.0,Winter
2013-06-14,12.1,3.810897222222222,Winter
2013-06-15,13.0,9.0,Winter
2013-06-16,11.7,9.0,Winter
2013-06-17,10.6,0.11995833333333333,Winter
2013-06-18,12.4,8.087633333333333,Winter
2013-06-19,12.4,9.02148888888889,Winter
2013-06-20,12.0,8.627933333333333,Winter
2013-06-21,13.1,9.0,Winter
2013-06-22,12.7,9.0,Winter
2013-06-23,12.2,9.0,Winter
2013-06-24,12.9,6.855544444444444,Winter
2013-06-25,14.5,8.103119444444445,Winter
2013-06-26,15.0,9.0,Winter
2013-06-27,15.6,9.0,Winter
2013-06-28,14.2,9.0,Winter
2013-06-29,11.7,1.8872805555555556,Winter
2013-06-30,15.9,8.731591666666667,Winter
2013-07-01,14.8,2.250602777777778,Winter
2013-07-02,16.4,9.0,Winter
2013-07-03,14.9,9.0,Winter
2013-07-04,14.2,8.932130555555554,Winter
2013-07-05,12.7,9.026716666666667,Winter
2013-07-06,13.1,8.741122222222222,Winter
2013-07-07,11.7,8.321558333333334,Winter
2013-07-08,11.7,9.0,Winter
2013-07-09,11.4,9.017611111111112,Winter
2013-07-10,13.9,9.014608333333333,Winter
2013-07-11,14.8,7.211858333333333,Winter
2013-07-12,15.9,8.007794444444444,Winter
2013-07-13,14.5,0.15675277777777777,Winter
2013-07-14,14.7,3.4361277777777777,Winter
2013-07-15,15.5,5.418491666666666,Winter
2013-07-16,15.9,8.144658333333334,Winter
2013-07-17,15.8,5.625127777777777,Winter
2013-07-18,19.2,6.047802777777778,Winter
2013-07-19,15.3,5.964533333333334,Winter
2013-07-20,9.9,4.522313888888889,Winter
2013-07-21,9.7,0.5835416666666666,Winter
2013-07-22,12.8,7.939222222222223,Winter
2013-07-23,11.4,8.817247222222223,Winter
2013-07-24,11.5,4.796247222222223,Winter
2013-07-25,12.3,6.553877777777777,Winter
2013-07-26,13.2,7.083730555555555,Winter
2013-07-27,14.0,7.105308333333333,Winter
2013-07-28,15.1,2.535563888888889,Winter
2013-07-29,16.7,8.855227777777777,Winter
2013-07-30,12.6,8.9609,Winter
2013-07-31,12.8,8.514558333333333,Winter
2013-08-01,13.2,8.64218611111111,Winter
2013-08-02,13.0,9.255455555555555,Winter
2013-08-03,12.6,5.851830555555556,Winter
2013-08-04,12.6,9.214572222222221,Winter
2013-08-05,15.4,7.81185,Winter
2013-08-06,13.7,9.712466666666666,Winter
2013-08-07,11.6,5.623233333333333,Winter
2013-08-08,12.1,9.41138611111111,Winter
2013-08-09,10.2,0.2544638888888889,Winter
2013-08-10,15.8,10.047775,Winter
2013-08-11,16.0,9.971227777777777,Winter
2013-08-12,11.8,10.288083333333333,Winter
2013-08-13,14.2,10.096569444444444,Winter
2013-08-14,14.2,8.291080555555556,Winter
2013-08-15,15.6,10.104880555555555,Winter
2013-08-16,14.9,10.202680555555556,Winter
2013-08-17,13.4,8.88133611111111,Winter
2013-08-18,15.0,6.042694444444445,Winter
2013-08-19,11.1,10.41028888888889,Winter
2013-08-20,10.7,10.338236111111112,Winter
2013-08-21,12.7,10.521097222222222,Winter
2013-08-22,13.5,6.282633333333333,Winter
2013-08-23,12.8,1.8171638888888888,Winter
2013-08-24,15.1,5.898766666666667,Winter
2013-08-25,15.3,6.069158333333334,Winter
2013-08-26,18.2,8.733602777777778,Winter
2013-08-27,17.8,7.630208333333333,Winter
2013-08-28,20.2,10.189866666666665,Winter
2013-08-29,20.1,4.737941666666667,Winter
2013-08-30,17.2,9.900822222222223,Winter
2013-08-31,20.4,10.798944444444444,Winter
2013-09-01,21.9,10.910627777777778,Spring
2013-09-02,19.8,10.924636111111111,Spring
2013-09-03,23.1,8.605233333333333,Spring
2013-09-04,22.9,10.763219444444443,Spring
2013-09-05,19.7,3.9985666666666666,Spring
2013-09-06,15.7,3.413675,Spring
2013-09-07,16.9,8.383,Spring
2013-09-08,14.2,8.22893611111111,Spring
2013-09-09,21.3,9.589244444444445,Spring
2013-09-10,15.6,10.022877777777778,Spring
2013-09-11,14.1,10.696922222222222,Spring
2013-09-12,11.8,10.77123611111111,Spring
2013-09-13,15.1,8.506808333333334,Spring
2013-09-14,15.3,10.636419444444444,Spring
2013-09-15,20.0,11.439872222222222,Spring
2013-09-16,17.2,4.3177972222222225,Spring
2013-09-17,16.7,5.000691666666667,Spring
2013-09-18,17.6,9.330683333333333,Spring
2013-09-19,14.9,7.781588888888889,Spring
2013-09-20,14.5,11.61523888888889,Spring
2013-09-21,18.4,10.568580555555556,Spring
2013-09-22,18.8,11.50773888888889,Spring
2013-09-23,22.5,8.789261111111111,Spring
2013-09-24,21.0,11.615866666666667,Spring
2013-09-25,20.9,11.84081111111111,Spring
2013-09-26,13.8,11.617627777777777,Spring
2013-09-27,18.5,11.891552777777777,Spring
2013-09-28,14.4,11.511788888888889,Spring
2013-09-29,20.3,11.941986111111111,Spring
2013-09-30,23.5,3.364316666666667,Spring
2013-10-01,18.9,9.0,Spring
2013-10-02,15.6,8.293447222222222,Spring
2013-10-03,13.1,12.0,Spring
2013-10-04,19.3,12.0,Spring
2013-10-05,22.2,11.310805555555556,Spring
2013-10-06,14.9,7.38981388888889,Spring
2013-10-07,14.8,11.692786111111111,Spring
2013-10-08,18.3,12.184849999999999,Spring
2013-10-09,23.5,9.344000000000001,Spring
2013-10-10,20.8,4.806694444444444,Spring
2013-10-11,18.3,12.244211111111111,Spring
2013-10-12,22.6,12.399791666666667,Spring
2013-10-13,15.6,9.480111111111112,Spring
2013-10-14,13.6,12.38556111111111,Spring
2013-10-15,18.2,12.296705555555555,Spring
2013-10-16,24.3,8.085852777777777,Spring
2013-10-17,17.8,12.581644444444445,Spring
2013-10-18,20.0,12.723913888888887,Spring
2013-10-19,23.6,12.811800000000002,Spring
2013-10-20,29.1,10.493555555555556,Spring
2013-10-21,16.8,0.6506861111111111,Spring
2013-10-22,16.4,0.0,Spring
2013-10-23,15.1,2.0,Spring
2013-10-24,12.9,12.926872222222222,Spring
2013-10-25,14.5,7.796711111111111,Spring
2013-10-26,15.2,8.776091666666666,Spring
2013-10-27,15.1,9.720391666666668,Spring
2013-10-28,18.6,12.335500000000001,Spring
2013-10-29,14.7,11.675569444444445,Spring
2013-10-30,15.9,10.818794444444446,Spring
2013-10-31,15.9,11.33751111111111,Spring
2013-11-01,20.5,12.408094444444444,Spring
2013-11-02,26.1,11.854761111111111,Spring
2013-11-03,15.0,13.179191666666666,Spring
2013-11-04,14.9,10.169738888888888,Spring
2013-11-05,22.5,13.677902777777778,Spring
2013-11-06,27.4,13.711836111111111,Spring
2013-11-07,27.2,10.765602777777778,Spring
2013-11-08,22.0,5.471077777777778,Spring
2013-11-09,14.3,13.585891666666667,Spring
2013-11-10,15.9,12.361319444444444,Spring
2013-11-11,17.0,10.857352777777779,Spring
2013-11-12,16.0,3.9665083333333335,Spring
2013-11-13,13.1,0.3539944444444445,Spring
2013-11-14,14.9,11.210719444444443,Spring
2013-11-15,15.6,13.917080555555556,Spring
2013-11-16,17.0,13.351625,Spring
2013-11-17,19.2,13.941408333333333,Spring
2013-11-18,24.9,13.915408333333334,Spring
2013-11-19,28.1,13.96378611111111,Spring
2013-11-20,18.2,3.7453444444444446,Spring
2013-11-21,23.4,12.0,Spring
2013-11-22,18.5,13.467936111111111,Spring
2013-11-23,17.8,12.771155555555557,Spring
2013-11-24,17.2,11.07183888888889,Spring
2013-11-25,20.6,13.862575,Spring
2013-11-26,25.7,14.0,Spring
2013-11-27,30.6,13.91341388888889,Spring
2013-11-28,25.3,4.281691666666667,Spring
2013-11-29,15.9,14.0,Spring
2013-11-30,18.6,13.729855555555556,Spring
2013-12-01,28.9,13.0,Summer
2013-12-02,33.2,14.0,Summer
2013-12-03,30.1,13.604208333333334,Summer
2013-12-04,20.1,4.358097222222222,Summer
2013-12-05,15.2,13.968416666666668,Summer
2013-12-06,16.7,10.408222222222221,Summer
2013-12-07,22.9,14.137483333333334,Summer
2013-12-08,26.6,7.552647222222222,Summer
2013-12-09,17.4,1.0,Summer
2013-12-10,18.2,12.988702777777778,Summer
2013-12-11,19.3,14.202594444444443,Summer
2013-12-12,22.1,14.196583333333333,Summer
2013-12-13,20.4,10.517630555555556,Summer
2013-12-14,17.7,13.924125,Summer
2013-12-15,20.2,12.762088888888888,Summer
2013-12-16,20.3,13.237833333333333,Summer
2013-12-17,21.2,14.45188888888889,Summer
2013-12-18,26.2,14.403822222222223,Summer
2013-12-19,36.0,14.435527777777779,Summer
2013-12-20,24.4,13.679052777777777,Summer
2013-12-21,24.7,4.065677777777778,Summer
2013-12-22,29.1,0.7565722222222222,Summer
2013-12-23,18.2,7.155,Summer
2013-12-24,21.2,14.61846388888889,Summer
2013-12-25,29.5,14.382377777777776,Summer
2013-12-26,27.7,13.55131388888889,Summer
2013-12-27,20.8,9.09023611111111,Summer
2013-12-28,33.6,14.43096388888889,Summer
2013-12-29,18.2,14.59318611111111,Summer
2013-12-30,20.1,14.585213888888887,Summer
2013-12-31,23.3,14.568586111111111,Summer
2014-01-01,25.4,0.0,Summer
2014-01-02,20.0,8.889569444444446,Summer
2014-01-03,20.6,14.432083333333333,Summer
2014-01-04,19.5,9.729494444444445,Summer
2014-01-05,24.5,13.798669444444444,Summer
2014-01-06,16.9,11.766597222222222,Summer
2014-01-07,17.1,7.622905555555556,Summer
2014-01-08,25.4,14.35613888888889,Summer
2014-01-09,29.9,14.340330555555557,Summer
2014-01-10,32.3,14.324319444444445,Summer
2014-01-11,22.2,12.145094444444444,Summer
2014-01-12,22.6,11.278041666666667,Summer
2014-01-13,34.9,13.92111388888889,Summer
2014-01-14,41.3,13.694994444444445,Summer
2014-01-15,40.6,13.057580555555555,Summer
2014-01-16,40.9,14.226197222222222,Summer
2014-01-17,41.8,14.032316666666667,Summer
2014-01-18,23.4,12.814338888888889,Summer
2014-01-19,21.7,13.622505555555554,Summer
2014-01-20,23.0,11.548047222222223,Summer
2014-01-21,21.8,13.487911111111112,Summer
2014-01-22,22.5,13.578633333333334,Summer
2014-01-23,32.4,13.436430555555557,Summer
2014-01-24,22.3,7.059777777777778,Summer
2014-01-25,17.9,10.761091666666667,Summer
2014-01-26,27.1,13.70215,Summer
2014-01-27,33.5,13.627655555555554,Summer
2014-01-28,39.3,13.553877777777778,Summer
2014-01-29,22.8,11.840888888888887,Summer
2014-01-30,28.3,13.321527777777778,Summer
2014-01-31,27.6,13.264741666666666,Summer
2014-02-01,33.0,13.275836111111111,Summer
2014-02-02,38.2,13.282127777777779,Summer
2014-02-03,32.3,11.007227777777777,Summer
2014-02-04,24.4,13.22628611111111,Summer
2014-02-05,30.5,13.131805555555555,Summer
2014-02-06,33.6,13.054236111111111,Summer
2014-02-07,35.5,13.0,Summer
2014-02-08,39.3,13.070130555555556,Summer
2014-02-09,38.3,13.078325,Summer
2014-02-10,23.8,13.00231111111111,Summer
2014-02-11,27.1,13.010966666666668,Summer
2014-02-12,28.1,9.141141666666666,Summer
2014-02-13,27.4,0.19029444444444443,Summer
2014-02-14,29.0,6.674883333333334,Summer
2014-02-15,27.2,9.268363888888889,Summer
2014-02-16,21.3,12.195213888888889,Summer
2014-02-17,24.1,13.0,Summer
2014-02-18,28.9,13.0,Summer
2014-02-19,25.6,10.0,Summer
2014-02-20,19.0,11.8167,Summer
2014-02-21,17.8,6.929086111111111,Summer
2014-02-22,19.9,10.131808333333334,Summer
2014-02-23,22.5,12.962427777777776,Summer
2014-02-24,24.7,12.139294444444443,Summer
2014-02-25,31.9,11.600319444444445,Summer
2014-02-26,19.3,9.117183333333333,Summer
2014-02-27,19.4,12.874647222222222,Summer
2014-02-28,21.9,12.83433888888889,Summer
2014-03-01,23.3,11.966238888888888,Autumn
2014-03-02,22.1,12.467191666666666,Autumn
2014-03-03,25.3,12.14201111111111,Autumn
2014-03-04,30.8,12.673336111111112,Autumn
2014-03-05,23.7,11.26287222222222,Autumn
2014-03-06,19.9,12.593375,Autumn
2014-03-07,21.8,9.559972222222223,Autumn
2014-03-08,27.7,12.289666666666667,Autumn
2014-03-09,31.4,12.472394444444445,Autumn
2014-03-10,31.1,11.081586111111111,Autumn
2014-03-11,31.9,8.007969444444445,Autumn
2014-03-12,19.8,11.978952777777778,Autumn
2014-03-13,21.7,12.308616666666666,Autumn
2014-03-14,27.9,11.70173888888889,Autumn
2014-03-15,28.0,9.630380555555556,Autumn
2014-03-16,19.8,10.279544444444445,Autumn
2014-03-17,22.9,9.888755555555555,Autumn
2014-03-18,22.7,9.969280555555557,Autumn
2014-03-19,21.0,11.921277777777778,Autumn
2014-03-20,28.1,11.802055555555556,Autumn
2014-03-21,24.7,9.428666666666667,Autumn
2014-03-22,17.1,11.3378,Autumn
2014-03-23,16.7,4.625236111111111,Autumn
2014-03-24,18.7,10.596088888888888,Autumn
2014-03-25,24.2,10.704913888888889,Autumn
2014-03-26,25.7,8.174261111111111,Autumn
2014-03-27,24.1,3.700138888888889,Autumn
2014-03-28,21.5,10.141130555555556,Autumn
2014-03-29,23.0,10.265441666666666,Autumn
2014-03-30,24.2,11.0,Autumn
2014-03-31,28.5,11.0,Autumn
2014-04-01,29.9,11.0,Autumn
2014-04-02,23.8,3.582333333333333,Autumn
2014-04-03,17.8,3.713119444444444,Autumn
2014-04-04,20.6,8.96026111111111,Autumn
2014-04-05,21.7,10.2704,Autumn
2014-04-06,22.6,10.54826111111111,Autumn
2014-04-07,23.8,8.784236111111111,Autumn
2014-04-08,19.8,0.0,Autumn
2014-04-09,17.6,0.0,Autumn
2014-04-10,17.5,0.0,Autumn
2014-04-11,17.9,6.356477777777778,Autumn
2014-04-12,20.1,10.896238888888888,Autumn
2014-04-13,19.1,10.840719444444444,Autumn
2014-04-14,19.2,10.849705555555555,Autumn
2014-04-15,19.4,10.826949999999998,Autumn
2014-04-16,20.7,7.886408333333334,Autumn
2014-04-17,22.2,10.781741666666665,Autumn
2014-04-18,17.6,7.957750000000001,Autumn
2014-04-19,15.6,10.736858333333334,Autumn
2014-04-20,16.9,9.929805555555557,Autumn
2014-04-21,17.4,7.72105,Autumn
2014-04-22,18.5,6.229516666666666,Autumn
2014-04-23,18.0,8.034361111111112,Autumn
2014-04-24,15.1,8.806880555555555,Autumn
2014-04-25,19.0,10.0,Autumn
2014-04-26,18.0,6.446225,Autumn
2014-04-27,15.7,10.537061111111111,Autumn
2014-04-28,20.8,8.793800000000001,Autumn
2014-04-29,18.8,0.0,Autumn
2014-04-30,14.4,9.178269444444444,Autumn
2014-05-01,15.0,9.634477777777779,Autumn
2014-05-02,13.7,4.208663888888889,Autumn
2014-05-03,13.1,3.6366472222222224,Autumn
2014-05-04,12.0,5.402661111111112,Autumn
2014-05-05,14.1,3.5813750000000004,Autumn
2014-05-06,14.1,8.496191666666666,Autumn
2014-05-07,14.0,9.896355555555555,Autumn
2014-05-08,16.6,9.740819444444444,Autumn
2014-05-09,16.6,4.000552777777778,Autumn
2014-05-10,16.6,4.15965,Autumn
2014-05-11,17.4,7.677813888888889,Autumn
2014-05-12,17.1,8.844047222222223,Autumn
2014-05-13,19.4,9.73388611111111,Autumn
2014-05-14,20.0,9.719233333333333,Autumn
2014-05-15,20.5,9.704677777777777,Autumn
2014-05-16,21.2,9.646616666666667,Autumn
2014-05-17,20.5,9.461463888888888,Autumn
2014-05-18,20.8,5.722666666666666,Autumn
2014-05-19,21.1,8.906802777777779,Autumn
2014-05-20,19.7,9.046758333333333,Autumn
2014-05-21,20.9,7.573449999999999,Autumn
2014-05-22,20.7,8.423766666666667,Autumn
2014-05-23,17.4,4.39745,Autumn
2014-05-24,16.1,6.125394444444444,Autumn
2014-05-25,20.1,7.093958333333333,Autumn
2014-05-26,19.8,5.249761111111111,Autumn
2014-05-27,19.6,0.9278277777777777,Autumn
2014-05-28,16.7,7.380683333333333,Autumn
2014-05-29,15.2,7.561147222222223,Autumn
2014-05-30,14.7,8.863325,Autumn
2014-05-31,16.4,3.5696222222222223,Autumn
2014-06-01,16.1,1.0640972222222222,Winter
2014-06-02,14.5,7.349872222222222,Winter
2014-06-03,15.2,0.3669722222222222,Winter
2014-06-04,17.0,8.239208333333334,Winter
2014-06-05,13.6,5.041202777777778,Winter
2014-06-06,14.0,5.537061111111111,Winter
2014-06-07,14.7,6.637366666666667,Winter
2014-06-08,13.5,7.165227777777778,Winter
2014-06-09,15.8,8.877597222222223,Winter
2014-06-10,15.2,4.832797222222222,Winter
2014-06-11,15.9,7.001408333333333,Winter
2014-06-12,15.2,4.672175,Winter
2014-06-13,14.6,3.6361833333333333,Winter
2014-06-14,13.5,6.518783333333333,Winter
2014-06-15,13.5,8.47943888888889,Winter
2014-06-16,14.8,7.033636111111111,Winter
2014-06-17,14.3,7.709261111111111,Winter
2014-06-18,13.4,8.689169444444444,Winter
2014-06-19,11.8,2.9776555555555553,Winter
2014-06-20,14.9,8.001994444444444,Winter
2014-06-21,13.8,3.963858333333333,Winter
2014-06-22,15.2,6.619411111111112,Winter
2014-06-23,12.9,5.179122222222222,Winter
2014-06-24,11.6,6.338497222222222,Winter
2014-06-25,14.3,7.618411111111111,Winter
2014-06-26,14.6,8.751916666666666,Winter
2014-06-27,14.0,7.05831111111111,Winter
2014-06-28,11.5,7.293761111111111,Winter
2014-06-29,10.7,8.377033333333333,Winter
2014-06-30,12.2,6.217852777777778,Winter
2014-07-01,13.2,5.362505555555556,Winter
2014-07-02,15.2,8.744319444444445,Winter
2014-07-03,12.9,8.421069444444443,Winter
2014-07-04,12.1,8.499783333333333,Winter
2014-07-05,13.0,7.437508333333333,Winter
2014-07-06,12.2,5.053416666666666,Winter
2014-07-07,12.9,6.522638888888889,Winter
2014-07-08,14.1,8.084325,Winter
2014-07-09,11.1,3.8880583333333334,Winter
2014-07-10,12.6,9.015088888888888,Winter
2014-07-11,12.6,6.933744444444445,Winter
2014-07-12,10.7,9.00843888888889,Winter
2014-07-13,12.1,9.00475,Winter
2014-07-14,13.7,6.973786111111111,Winter
2014-07-15,12.8,3.952855555555556,Winter
2014-07-16,12.9,8.248786111111112,Winter
2014-07-17,11.2,9.079227777777778,Winter
2014-07-18,11.4,9.0,Winter
2014-07-19,12.4,8.032994444444444,Winter
2014-07-20,12.0,2.1924,Winter
2014-07-21,12.4,4.770708333333333,Winter
2014-07-22,11.7,9.15488611111111,Winter
2014-07-23,13.1,6.625722222222222,Winter
2014-07-24,14.0,5.877633333333333,Winter
2014-07-25,13.9,4.066875,Winter
2014-07-26,14.1,5.675466666666667,Winter
2014-07-27,14.9,8.287513888888888,Winter
2014-07-28,15.3,9.250469444444445,Winter
2014-07-29,14.8,2.4054166666666665,Winter
2014-07-30,16.9,9.262491666666667,Winter
2014-07-31,16.7,6.864358333333333,Winter
2014-08-01,9.1,8.367308333333334,Winter
2014-08-02,10.7,9.346775,Winter
2014-08-03,12.4,9.890988888888888,Winter
2014-08-04,12.6,9.899566666666667,Winter
2014-08-05,14.7,8.537508333333333,Winter
2014-08-06,13.7,7.205613888888888,Winter
2014-08-07,12.6,2.0617694444444443,Winter
2014-08-08,14.3,8.862055555555555,Winter
2014-08-09,15.4,9.011297222222222,Winter
2014-08-10,11.3,10.044525,Winter
2014-08-11,10.3,8.798822222222222,Winter
2014-08-12,11.3,8.509002777777777,Winter
2014-08-13,12.5,8.289091666666666,Winter
2014-08-14,12.5,8.723236111111111,Winter
2014-08-15,15.8,7.7678,Winter
2014-08-16,12.6,5.8661666666666665,Winter
2014-08-17,13.2,8.062902777777778,Winter
2014-08-18,11.2,0.04450833333333333,Winter
2014-08-19,12.8,5.451608333333334,Winter
2014-08-20,13.1,8.998705555555556,Winter
2014-08-21,16.1,10.372874999999999,Winter
2014-08-22,17.5,10.751772222222222,Winter
2014-08-23,17.9,9.653194444444445,Winter
2014-08-24,14.3,9.653163888888889,Winter
2014-08-25,14.2,5.741836111111112,Winter
2014-08-26,16.6,10.823402777777778,Winter
2014-08-27,16.9,8.48418888888889,Winter
2014-08-28,17.2,9.08168888888889,Winter
2014-08-29,14.5,7.361611111111111,Winter
2014-08-30,19.5,10.752783333333332,Winter
2014-08-31,19.5,9.488747222222221,Winter
2014-09-01,15.1,0.10377222222222222,Spring
2014-09-02,12.6,10.921780555555557,Spring
2014-09-03,13.3,10.285455555555556,Spring
2014-09-04,13.8,10.816600000000001,Spring
2014-09-05,14.6,10.940366666666666,Spring
2014-09-06,17.0,10.088327777777778,Spring
2014-09-07,19.0,11.05251111111111,Spring
2014-09-08,19.7,11.048097222222223,Spring
2014-09-09,18.3,10.908880555555555,Spring
2014-09-10,16.0,8.37476388888889,Spring
2014-09-11,13.5,10.0,Spring
2014-09-12,13.8,11.158063888888888,Spring
2014-09-13,17.7,11.388291666666666,Spring
2014-09-14,16.6,11.374788888888888,Spring
2014-09-15,18.6,5.6374249999999995,Spring
2014-09-16,14.4,4.595613888888889,Spring
2014-09-17,13.6,11.496519444444445,Spring
2014-09-18,12.3,11.159336111111111,Spring
2014-09-19,14.0,11.598738888888889,Spring
2014-09-20,14.2,10.43898888888889,Spring
2014-09-21,14.8,11.201091666666667,Spring
2014-09-22,21.0,11.188252777777777,Spring
2014-09-23,22.9,11.780838888888889,Spring
2014-09-24,21.8,9.806372222222222,Spring
2014-09-25,14.0,3.317725,Spring
2014-09-26,16.5,11.857838888888889,Spring
2014-09-27,21.6,11.851466666666667,Spring
2014-09-28,24.7,11.909638888888889,Spring
2014-09-29,21.3,11.945233333333332,Spring
2014-09-30,21.0,9.910263888888888,Spring
2014-10-01,13.8,11.987449999999999,Spring
2014-10-02,15.7,7.0618944444444445,Spring
2014-10-03,16.4,11.77818888888889,Spring
2014-10-04,24.0,12.053969444444444,Spring
2014-10-05,16.6,12.127544444444446,Spring
2014-10-06,25.0,1.059,Spring
2014-10-07,14.8,11.373258333333334,Spring
2014-10-08,16.5,10.948319444444444,Spring
2014-10-09,21.2,12.0,Spring
2014-10-10,23.3,11.948605555555556,Spring
2014-10-11,18.4,12.246069444444444,Spring
2014-10-12,27.8,12.32018888888889,Spring
2014-10-13,13.3,10.068477777777776,Spring
2014-10-14,13.8,11.999816666666666,Spring
2014-10-15,13.5,11.945158333333334,Spring
2014-10-16,14.8,11.924236111111112,Spring
2014-10-17,16.3,12.579086111111112,Spring
2014-10-18,23.3,12.240438888888889,Spring
2014-10-19,27.7,12.351238888888888,Spring
2014-10-20,19.5,12.816766666666666,Spring
2014-10-21,26.0,12.761730555555557,Spring
2014-10-22,29.0,12.332444444444445,Spring
2014-10-23,22.3,8.388527777777778,Spring
2014-10-24,28.3,12.695180555555556,Spring
2014-10-25,18.8,9.759291666666666,Spring
2014-10-26,22.7,9.747538888888888,Spring
2014-10-27,20.1,10.03573888888889,Spring
2014-10-28,17.7,6.6833527777777775,Spring
2014-10-29,22.8,13.418111111111111,Spring
2014-10-30,20.9,13.454702777777777,Spring
2014-10-31,29.8,12.672369444444444,Spring
2014-11-01,19.1,9.83211388888889,Spring
2014-11-02,14.4,10.680744444444445,Spring
2014-11-03,21.4,11.844766666666668,Spring
2014-11-04,27.4,13.149641666666666,Spring
2014-11-05,16.4,12.075780555555555,Spring
2014-11-06,19.7,12.5908,Spring
2014-11-07,30.3,13.736291666666666,Spring
2014-11-08,32.7,13.527472222222222,Spring
2014-11-09,17.9,13.804369444444445,Spring
2014-11-10,18.1,13.604533333333332,Spring
2014-11-11,17.3,13.684119444444445,Spring
2014-11-12,23.8,13.874383333333332,Spring
2014-11-13,31.9,13.888452777777777,Spring
2014-11-14,24.8,5.691086111111111,Spring
2014-11-15,17.8,8.881944444444445,Spring
2014-11-16,16.5,1.5197944444444444,Spring
2014-11-17,17.7,11.157330555555555,Spring
2014-11-18,17.5,13.951283333333334,Spring
2014-11-19,27.0,13.825816666666668,Spring
2014-11-20,27.4,4.173961111111111,Spring
2014-11-21,20.9,12.352252777777778,Spring
2014-11-22,30.4,13.991227777777777,Spring
2014-11-23,24.0,12.6605,Spring
2014-11-24,26.8,5.923675,Spring
2014-11-25,19.3,13.237277777777777,Spring
2014-11-26,17.5,6.718588888888888,Spring
2014-11-27,18.0,14.0,Spring
2014-11-28,19.6,13.852811111111112,Spring
2014-11-29,24.5,13.504927777777777,Spring
2014-11-30,31.9,13.89873888888889,Spring
2014-12-01,29.9,14.001338888888888,Summer
2014-12-02,24.9,12.49206388888889,Summer
2014-12-03,24.2,10.805872222222222,Summer
2014-12-04,25.0,14.0,Summer
2014-12-05,22.5,7.176041666666666,Summer
2014-12-06,20.8,5.149180555555556,Summer
2014-12-07,16.2,0.0,Summer
2014-12-08,18.6,9.320647222222222,Summer
2014-12-09,19.8,14.217075,Summer
2014-12-10,22.6,11.0,Summer
2014-12-11,19.6,12.073991666666668,Summer
2014-12-12,24.6,14.290741666666666,Summer
2014-12-13,29.0,14.376586111111111,Summer
2014-12-14,26.8,14.279486111111112,Summer
2014-12-15,24.5,13.909013888888888,Summer
2014-12-16,31.1,14.360233333333332,Summer
2014-12-17,19.6,14.538283333333334,Summer
2014-12-18,23.0,13.329947222222222,Summer
2014-12-19,17.7,12.761375,Summer
2014-12-20,22.1,14.52346111111111,Summer
2014-12-21,30.8,13.423697222222222,Summer
2014-12-22,28.7,9.526002777777778,Summer
2014-12-23,27.0,8.792408333333332,Summer
2014-12-24,21.5,14.145041666666668,Summer
2014-12-25,21.8,13.215308333333333,Summer
2014-12-26,18.0,14.527219444444444,Summer
2014-12-27,21.2,14.608247222222223,Summer
2014-12-28,30.0,14.602638888888889,Summer
2014-12-29,26.9,13.45086388888889,Summer
2014-12-30,20.1,14.223566666666665,Summer
2014-12-31,23.0,13.936350000000001,Summer
2015-01-01,24.3,12.694383333333333,Summer
2015-01-02,37.5,14.559638888888887,Summer
2015-01-03,37.6,12.022308333333333,Summer
2015-01-04,23.0,10.734633333333333,Summer
2015-01-05,23.3,14.52133888888889,Summer
2015-01-06,26.1,12.228369444444443,Summer
2015-01-07,36.8,14.195708333333334,Summer
2015-01-08,31.9,7.385977777777778,Summer
2015-01-09,19.6,0.020386111111111112,Summer
2015-01-10,20.4,3.4416083333333334,Summer
2015-01-11,26.2,13.006947222222223,Summer
2015-01-12,30.1,14.383727777777777,Summer
2015-01-13,23.7,2.845727777777778,Summer
2015-01-14,22.7,9.170697222222223,Summer
2015-01-15,18.9,6.837908333333334,Summer
2015-01-16,25.6,13.122325,Summer
2015-01-17,22.3,13.763966666666667,Summer
2015-01-18,18.0,11.605180555555556,Summer
2015-01-19,21.8,14.03168611111111,Summer
2015-01-20,28.1,8.628761111111112,Summer
2015-01-21,30.5,12.430391666666667,Summer
2015-01-22,33.7,13.24976111111111,Summer
2015-01-23,24.4,13.838758333333333,Summer
2015-01-24,26.2,13.850116666666667,Summer
2015-01-25,20.5,13.025977777777777,Summer
2015-01-26,18.7,12.726608333333333,Summer
2015-01-27,21.1,13.363769444444443,Summer
2015-01-28,24.0,13.550822222222221,Summer
2015-01-29,19.9,11.142347222222222,Summer
2015-01-30,19.8,13.405222222222223,Summer
2015-01-31,19.2,10.114266666666667,Summer
2015-02-01,18.7,6.675897222222222,Summer
2015-02-02,19.8,10.471036111111111,Summer
2015-02-03,20.6,13.116094444444444,Summer
2015-02-04,18.8,8.288636111111112,Summer
2015-02-05,25.3,13.0448,Summer
2015-02-06,33.6,13.052236111111112,Summer
2015-02-07,33.1,11.788297222222223,Summer
2015-02-08,24.2,13.0,Summer
2015-02-09,27.3,13.0,Summer
2015-02-10,31.3,13.0,Summer
2015-02-11,34.4,13.0,Summer
2015-02-12,23.9,12.253991666666668,Summer
2015-02-13,32.7,10.0,Summer
2015-02-14,25.3,10.0,Summer
2015-02-15,31.8,12.017822222222224,Summer
2015-02-16,24.2,13.0,Summer
2015-02-17,20.7,8.232319444444444,Summer
2015-02-18,21.7,5.542172222222222,Summer
2015-02-19,27.2,12.498236111111112,Summer
2015-02-20,26.1,13.0,Summer
2015-02-21,34.1,13.0,Summer
2015-02-22,34.3,12.41206388888889,Summer
2015-02-23,29.0,10.722977777777778,Summer
2015-02-24,19.8,12.948877777777778,Summer
2015-02-25,25.4,11.896669444444445,Summer
2015-02-26,22.6,12.914097222222223,Summer
2015-02-27,24.0,12.254644444444445,Summer
2015-02-28,31.1,5.3233500000000005,Summer
2015-03-01,19.9,12.805458333333334,Autumn
2015-03-02,24.8,11.84601111111111,Autumn
2015-03-03,22.3,12.725822222222222,Autumn
2015-03-04,23.6,12.360227777777778,Autumn
2015-03-05,19.4,12.101597222222223,Autumn
2015-03-06,18.1,0.33495277777777777,Autumn
2015-03-07,21.8,4.977541666666667,Autumn
2015-03-08,24.2,12.52275,Autumn
2015-03-09,22.9,12.325550000000002,Autumn
2015-03-10,22.2,12.177905555555554,Autumn
2015-03-11,25.4,12.399347222222223,Autumn
2015-03-12,18.0,6.468397222222222,Autumn
2015-03-13,20.1,12.044688888888889,Autumn
2015-03-14,28.7,10.650080555555556,Autumn
2015-03-15,18.6,8.935833333333333,Autumn
2015-03-16,26.1,11.158747222222221,Autumn
2015-03-17,26.6,6.468983333333333,Autumn
2015-03-18,24.0,10.530613888888888,Autumn
2015-03-19,31.7,11.097477777777778,Autumn
2015-03-20,18.4,11.613905555555554,Autumn
2015-03-21,21.3,11.7955,Autumn
2015-03-22,28.3,11.654508333333334,Autumn
2015-03-23,27.0,8.341616666666667,Autumn
2015-03-24,15.0,0.25572222222222224,Autumn
2015-03-25,22.4,10.924875,Autumn
2015-03-26,17.8,10.090586111111111,Autumn
2015-03-27,16.6,10.348997222222222,Autumn
2015-03-28,18.3,7.759544444444445,Autumn
2015-03-29,24.1,11.196027777777777,Autumn
2015-03-30,22.1,11.041899999999998,Autumn
2015-03-31,25.4,11.130733333333334,Autumn
2015-04-01,27.3,6.268586111111111,Autumn
2015-04-02,20.1,11.0,Autumn
2015-04-03,19.6,11.07303888888889,Autumn
2015-04-04,23.7,11.0,Autumn
2015-04-05,19.3,9.557488888888889,Autumn
2015-04-06,16.8,8.375369444444445,Autumn
2015-04-07,15.9,0.4535972222222222,Autumn
2015-04-08,16.1,10.457147222222224,Autumn
2015-04-09,18.1,10.974688888888888,Autumn
2015-04-10,19.0,10.95111111111111,Autumn
2015-04-11,21.5,9.256183333333334,Autumn
2015-04-12,17.2,10.72368611111111,Autumn
2015-04-13,19.7,10.88061111111111,Autumn
2015-04-14,22.1,5.32778888888889,Autumn
2015-04-15,27.0,10.833833333333335,Autumn
2015-04-16,16.4,4.082736111111111,Autumn
2015-04-17,18.1,5.104413888888889,Autumn
2015-04-18,19.8,9.4129,Autumn
2015-04-19,12.7,10.741666666666667,Autumn
2015-04-20,14.9,10.719055555555554,Autumn
2015-04-21,16.4,10.696661111111112,Autumn
2015-04-22,17.2,5.231858333333333,Autumn
2015-04-23,18.6,1.4952416666666666,Autumn
2015-04-24,19.1,6.4747972222222225,Autumn
2015-04-25,14.2,0.7413972222222223,Autumn
2015-04-26,14.6,5.813330555555556,Autumn
2015-04-27,14.1,10.205347222222223,Autumn
2015-04-28,15.0,8.695822222222223,Autumn
2015-04-29,15.8,10.197197222222224,Autumn
2015-04-30,17.2,10.278861111111112,Autumn
2015-05-01,21.3,10.188441666666666,Autumn
2015-05-02,20.6,8.195952777777778,Autumn
2015-05-03,16.9,10.092600000000001,Autumn
2015-05-04,20.3,9.295877777777779,Autumn
2015-05-05,17.1,8.433783333333333,Autumn
2015-05-06,16.1,9.100408333333334,Autumn
2015-05-07,13.8,8.169577777777778,Autumn
2015-05-08,15.9,3.5759361111111114,Autumn
2015-05-09,16.8,6.757247222222222,Autumn
2015-05-10,14.3,5.580466666666667,Autumn
2015-05-11,15.4,6.670544444444444,Autumn
2015-05-12,14.7,8.510127777777777,Autumn
2015-05-13,11.3,9.406513888888888,Autumn
2015-05-14,13.5,6.420347222222222,Autumn
2015-05-15,13.4,5.399533333333333,Autumn
2015-05-16,16.4,8.806433333333333,Autumn
2015-05-17,19.3,9.679250000000001,Autumn
2015-05-18,18.9,9.665352777777777,Autumn
2015-05-19,15.4,2.582958333333333,Autumn
2015-05-20,17.2,8.376297222222222,Autumn
2015-05-21,13.7,4.134758333333333,Autumn
2015-05-22,13.8,6.633380555555555,Autumn
2015-05-23,12.1,8.927430555555556,Autumn
2015-05-24,15.4,7.897655555555556,Autumn
2015-05-25,16.3,7.2796361111111105,Autumn
2015-05-26,16.0,8.363952777777778,Autumn
2015-05-27,17.1,8.5636,Autumn
2015-05-28,17.7,9.194355555555555,Autumn
2015-05-29,14.7,9.32188888888889,Autumn
2015-05-30,15.7,7.386375,Autumn
2015-05-31,14.0,7.910841666666666,Autumn
2015-06-01,10.4,9.128491666666667,Winter
2015-06-02,11.0,6.1041083333333335,Winter
2015-06-03,11.4,7.092244444444445,Winter
2015-06-04,10.5,4.160683333333333,Winter
2015-06-05,12.8,6.2159861111111105,Winter
2015-06-06,15.8,6.959747222222222,Winter
2015-06-07,13.6,6.818763888888888,Winter
2015-06-08,16.7,9.0,Winter
2015-06-09,14.3,9.0,Winter
2015-06-10,12.4,8.735191666666667,Winter
2015-06-11,13.1,9.08703611111111,Winter
2015-06-12,12.9,6.288297222222222,Winter
2015-06-13,16.2,8.923527777777778,Winter
2015-06-14,16.4,8.847127777777779,Winter
2015-06-15,13.6,2.947658333333333,Winter
2015-06-16,15.1,1.1076722222222222,Winter
2015-06-17,12.9,2.3291694444444446,Winter
2015-06-18,12.2,4.633119444444445,Winter
2015-06-19,10.5,9.0,Winter
2015-06-20,11.2,8.656977777777778,Winter
2015-06-21,11.3,6.6390361111111105,Winter
2015-06-22,12.7,7.933761111111111,Winter
2015-06-23,15.4,8.89705,Winter
2015-06-24,15.9,8.436994444444444,Winter
2015-06-25,13.1,8.474450000000001,Winter
2015-06-26,14.6,8.838875,Winter
2015-06-27,14.6,7.105572222222222,Winter
2015-06-28,13.4,8.484325,Winter
2015-06-29,13.2,9.0,Winter
2015-06-30,12.5,7.173369444444445,Winter
2015-07-01,14.1,8.292586111111111,Winter
2015-07-02,11.4,8.986580555555555,Winter
2015-07-03,11.0,8.503427777777778,Winter
2015-07-04,11.8,4.413225,Winter
2015-07-05,13.2,8.035530555555555,Winter
2015-07-06,11.8,5.2924,Winter
2015-07-07,13.0,8.949033333333334,Winter
2015-07-08,14.2,8.93163611111111,Winter
2015-07-09,13.9,8.48606388888889,Winter
2015-07-10,13.5,9.0,Winter
2015-07-11,11.7,5.251169444444444,Winter
2015-07-12,10.6,0.7808833333333333,Winter
2015-07-13,10.9,3.189225,Winter
2015-07-14,10.1,4.214811111111111,Winter
2015-07-15,8.7,5.163597222222222,Winter
2015-07-16,10.5,8.75243611111111,Winter
2015-07-17,10.9,8.176583333333333,Winter
2015-07-18,10.0,8.985833333333334,Winter
2015-07-19,11.3,9.070594444444444,Winter
2015-07-20,12.8,9.065072222222222,Winter
2015-07-21,15.1,8.15035,Winter
2015-07-22,14.2,8.22931111111111,Winter
2015-07-23,13.3,8.02993611111111,Winter
2015-07-24,11.7,3.242725,Winter
2015-07-25,12.3,7.684236111111111,Winter
2015-07-26,11.0,9.206674999999999,Winter
2015-07-27,11.7,9.0,Winter
2015-07-28,12.6,6.785236111111111,Winter
2015-07-29,12.2,4.2976222222222225,Winter
2015-07-30,11.8,5.791227777777777,Winter
2015-07-31,12.1,9.562111111111111,Winter
2015-08-01,10.5,1.9831750000000001,Winter
2015-08-02,13.0,7.151599999999999,Winter
2015-08-03,8.8,9.333508333333333,Winter
2015-08-04,10.8,7.783686111111111,Winter
2015-08-05,9.7,8.751788888888889,Winter
2015-08-06,11.2,2.981175,Winter
2015-08-07,12.1,8.472372222222223,Winter
2015-08-08,11.9,5.180772222222222,Winter
2015-08-09,13.0,6.854316666666667,Winter
2015-08-10,14.2,9.209516666666667,Winter
2015-08-11,13.4,10.225058333333333,Winter
2015-08-12,10.7,3.1981083333333333,Winter
2015-08-13,11.5,7.33536388888889,Winter
2015-08-14,13.9,5.937411111111111,Winter
2015-08-15,13.8,9.71866111111111,Winter
2015-08-16,15.6,10.453433333333333,Winter
2015-08-17,11.1,8.710672222222222,Winter
2015-08-18,10.2,9.507902777777778,Winter
2015-08-19,12.4,9.040194444444445,Winter
2015-08-20,15.9,10.671041666666667,Winter
2015-08-21,16.3,0.8397416666666667,Winter
2015-08-22,17.9,10.614569444444443,Winter
2015-08-23,13.6,10.540152777777779,Winter
2015-08-24,13.2,7.618819444444444,Winter
2015-08-25,13.0,6.570194444444445,Winter
2015-08-26,14.2,6.384666666666666,Winter
2015-08-27,11.6,1.1182027777777779,Winter
2015-08-28,12.1,10.830847222222223,Winter
2015-08-29,10.6,6.195108333333333,Winter
2015-08-30,11.5,8.728833333333332,Winter
2015-08-31,11.1,9.685497222222223,Winter
2015-09-01,14.6,10.903983333333333,Spring
2015-09-02,17.6,8.556025,Spring
2015-09-03,13.3,10.676958333333333,Spring
2015-09-04,12.3,10.411180555555555,Spring
2015-09-05,12.9,9.298633333333333,Spring
2015-09-06,15.6,5.161488888888889,Spring
2015-09-07,11.5,5.389091666666666,Spring
2015-09-08,11.3,9.767516666666666,Spring
2015-09-09,12.2,9.281797222222222,Spring
2015-09-10,13.6,7.5781527777777775,Spring
2015-09-11,18.5,10.100002777777778,Spring
2015-09-12,20.8,8.197986111111112,Spring
2015-09-13,22.7,11.30984722222222,Spring
2015-09-14,23.5,11.458902777777778,Spring
2015-09-15,16.0,7.452391666666667,Spring
2015-09-16,13.9,10.602533333333334,Spring
2015-09-17,13.5,9.181069444444445,Spring
2015-09-18,14.3,9.62363888888889,Spring
2015-09-19,19.1,10.359480555555555,Spring
2015-09-20,20.0,11.622911111111112,Spring
2015-09-21,16.5,10.165627777777779,Spring
2015-09-22,10.8,11.747794444444445,Spring
2015-09-23,11.7,11.773919444444445,Spring
2015-09-24,13.3,11.641633333333333,Spring
2015-09-25,15.5,8.5228,Spring
2015-09-26,16.5,9.932208333333332,Spring
2015-09-27,17.9,11.878791666666666,Spring
2015-09-28,21.1,11.904958333333333,Spring
2015-09-29,15.9,10.777030555555555,Spring
2015-09-30,14.1,10.995833333333334,Spring
2015-10-01,21.2,11.982866666666666,Spring
2015-10-02,25.9,12.0,Spring
2015-10-03,27.7,11.0,Spring
2015-10-04,25.5,12.0,Spring
2015-10-05,31.0,12.0,Spring
2015-10-06,32.6,12.0,Spring
2015-10-07,15.8,12.195844444444445,Spring
2015-10-08,21.9,12.107483333333334,Spring
2015-10-09,27.4,12.018958333333334,Spring
2015-10-10,28.9,9.049716666666667,Spring
2015-10-11,26.8,11.79096111111111,Spring
2015-10-12,15.3,7.5766333333333336,Spring
2015-10-13,18.2,12.396127777777776,Spring
2015-10-14,26.9,11.143725000000002,Spring
2015-10-15,30.8,12.137411111111112,Spring
2015-10-16,24.0,4.933047222222222,Spring
2015-10-17,19.6,12.575311111111112,Spring
2015-10-18,18.3,12.552888888888889,Spring
2015-10-19,25.3,12.808891666666668,Spring
2015-10-20,29.7,4.8480583333333325,Spring
2015-10-21,20.2,0.5621138888888889,Spring
2015-10-22,16.7,3.234347222222222,Spring
2015-10-23,16.6,12.673911111111112,Spring
2015-10-24,19.8,12.138994444444444,Spring
2015-10-25,29.6,12.470608333333335,Spring
2015-10-26,19.0,5.709522222222222,Spring
2015-10-27,22.4,13.332966666666668,Spring
2015-10-28,25.4,13.36971111111111,Spring
2015-10-29,25.1,12.960769444444443,Spring
2015-10-30,26.6,13.35726388888889,Spring
2015-10-31,24.9,9.9247,Spring
2015-11-01,26.3,10.552488888888888,Spring
2015-11-02,15.8,2.052725,Spring
2015-11-03,19.1,13.135955555555556,Spring
2015-11-04,27.6,8.611288888888888,Spring
2015-11-05,22.0,3.162847222222222,Spring
2015-11-06,18.4,2.965488888888889,Spring
2015-11-07,14.9,10.709613888888889,Spring
2015-11-08,22.2,13.7642,Spring
2015-11-09,31.2,13.798213888888888,Spring
2015-11-10,16.5,1.8192722222222222,Spring
2015-11-11,20.4,10.714755555555556,Spring
2015-11-12,23.0,13.872147222222223,Spring
2015-11-13,18.1,12.562647222222221,Spring
2015-11-14,17.9,13.899622222222222,Spring
2015-11-15,19.5,13.912494444444444,Spring
2015-11-16,25.5,13.835808333333334,Spring
2015-11-17,31.0,13.534749999999999,Spring
2015-11-18,28.2,13.94763888888889,Spring
2015-11-19,30.0,13.958366666666667,Spring
2015-11-20,22.7,9.776800000000001,Spring
2015-11-21,17.0,13.978372222222221,Spring
2015-11-22,19.4,13.987633333333335,Spring
2015-11-23,19.4,12.60212777777778,Spring
2015-11-24,26.3,14.0,Spring
2015-11-25,33.2,12.121127777777778,Spring
2015-11-26,22.9,13.959383333333333,Spring
2015-11-27,17.2,6.793352777777778,Spring
2015-11-28,21.8,14.0,Spring
2015-11-29,18.7,12.342961111111112,Spring
2015-11-30,31.3,13.976305555555555,Spring
2015-12-01,23.5,10.111372222222222,Summer
2015-12-02,17.3,14.0,Summer
2015-12-03,21.4,13.866172222222222,Summer
2015-12-04,30.0,14.0,Summer
2015-12-05,26.1,13.620361111111112,Summer
2015-12-06,28.0,10.311755555555555,Summer
2015-12-07,30.8,1.8224277777777778,Summer
2015-12-08,33.7,11.630247222222222,Summer
2015-12-09,26.3,14.128477777777777,Summer
2015-12-10,23.8,14.030727777777779,Summer
2015-12-11,19.0,13.103572222222223,Summer
2015-12-12,17.8,14.168152777777777,Summer
2015-12-13,27.6,13.377816666666666,Summer
2015-12-14,25.2,14.0,Summer
2015-12-15,25.4,14.368116666666667,Summer
2015-12-16,27.1,12.562380555555556,Summer
2015-12-17,34.6,14.446977777777779,Summer
2015-12-18,38.3,14.441791666666665,Summer
2015-12-19,40.9,13.10663888888889,Summer
2015-12-20,36.9,9.128008333333334,Summer
2015-12-21,18.9,9.996727777777778,Summer
2015-12-22,24.0,14.239761111111111,Summer
2015-12-23,26.9,14.621947222222223,Summer
2015-12-24,33.0,14.62061111111111,Summer
2015-12-25,33.4,14.618205555555555,Summer
2015-12-26,26.3,8.900652777777777,Summer
2015-12-27,18.5,14.610344444444443,Summer
2015-12-28,21.2,14.456694444444445,Summer
2015-12-29,23.8,14.59821111111111,Summer
2015-12-30,33.2,13.924172222222222,Summer
2015-12-31,37.6,13.669827777777778,Summer
2016-01-01,27.7,11.839994444444445,Summer
2016-01-02,26.2,11.191927777777778,Summer
2016-01-03,25.3,12.753541666666667,Summer
2016-01-04,23.2,10.564288888888889,Summer
2016-01-05,26.2,13.866902777777778,Summer
2016-01-06,24.1,12.36043888888889,Summer
2016-01-07,21.7,13.994405555555556,Summer
2016-01-08,21.8,12.888388888888889,Summer
2016-01-09,23.3,12.129336111111112,Summer
2016-01-10,31.9,13.335741666666665,Summer
2016-01-11,35.5,10.987452777777778,Summer
2016-01-12,27.6,14.019672222222223,Summer
2016-01-13,40.6,13.717927777777778,Summer
2016-01-14,25.6,5.090255555555555,Summer
2016-01-15,19.3,9.845847222222224,Summer
2016-01-16,23.5,14.319097222222222,Summer
2016-01-17,31.2,13.852369444444443,Summer
2016-01-18,34.9,13.9362,Summer
2016-01-19,30.9,14.059683333333334,Summer
2016-01-20,28.6,8.464155555555555,Summer
2016-01-21,26.2,13.323388888888887,Summer
2016-01-22,21.1,2.0424555555555557,Summer
2016-01-23,20.7,8.13208611111111,Summer
2016-01-24,21.6,10.656416666666667,Summer
2016-01-25,20.7,8.958283333333334,Summer
2016-01-26,28.6,12.998033333333332,Summer
2016-01-27,26.1,9.68803888888889,Summer
2016-01-28,25.7,12.46006388888889,Summer
2016-01-29,17.1,3.0,Summer
2016-01-30,21.5,12.043141666666665,Summer
2016-01-31,22.5,11.02758888888889,Summer
2016-02-01,22.9,13.34501388888889,Summer
2016-02-02,29.1,10.53081388888889,Summer
2016-02-03,20.0,2.097036111111111,Summer
2016-02-04,20.6,13.120394444444443,Summer
2016-02-05,27.0,13.127361111111112,Summer
2016-02-06,30.1,13.134602777777777,Summer
2016-02-07,30.1,13.057141666666666,Summer
2016-02-08,22.0,13.065105555555554,Summer
2016-02-09,24.0,13.022208333333333,Summer
2016-02-10,23.0,12.568686111111111,Summer
2016-02-11,24.2,13.006075000000001,Summer
2016-02-12,26.1,12.748716666666667,Summer
2016-02-13,32.9,12.718769444444444,Summer
2016-02-14,23.3,12.907661111111112,Summer
2016-02-15,25.1,13.0,Summer
2016-02-16,17.3,6.372283333333334,Summer
2016-02-17,19.5,1.709525,Summer
2016-02-18,21.4,10.725663888888889,Summer
2016-02-19,20.9,6.341569444444445,Summer
2016-02-20,20.8,13.0,Summer
2016-02-21,26.7,13.0,Summer
2016-02-22,29.0,8.642291666666667,Summer
2016-02-23,38.8,12.970202777777779,Summer
2016-02-24,27.4,11.510594444444445,Summer
2016-02-25,27.2,12.596755555555555,Summer
2016-02-26,22.1,12.341477777777778,Summer
2016-02-27,23.8,12.78673611111111,Summer
2016-02-28,22.9,12.856630555555556,Summer
2016-02-29,24.6,11.551969444444444,Summer
2016-03-01,32.7,11.349025,Autumn
2016-03-02,33.2,12.735430555555556,Autumn
2016-03-03,23.9,11.436066666666665,Autumn
2016-03-04,35.6,12.653830555555556,Autumn
2016-03-05,24.2,8.292875,Autumn
2016-03-06,28.2,12.069841666666667,Autumn
2016-03-07,26.9,12.214933333333335,Autumn
2016-03-08,37.4,12.489797222222222,Autumn
2016-03-09,29.3,10.131763888888889,Autumn
2016-03-10,22.1,0.073525,Autumn
2016-03-11,27.2,10.863366666666668,Autumn
2016-03-12,23.1,1.8375472222222222,Autumn
2016-03-13,24.3,8.632102777777778,Autumn
2016-03-14,18.7,6.673972222222222,Autumn
2016-03-15,25.5,12.20488611111111,Autumn
2016-03-16,29.5,11.95053888888889,Autumn
2016-03-17,30.1,11.567311111111112,Autumn
2016-03-18,25.1,8.229616666666667,Autumn
2016-03-19,16.2,8.099091666666666,Autumn
2016-03-20,21.1,11.7986,Autumn
2016-03-21,22.0,11.649352777777777,Autumn
2016-03-22,23.6,11.119358333333334,Autumn
2016-03-23,28.1,5.9112527777777775,Autumn
2016-03-24,20.0,7.148494444444445,Autumn
2016-03-25,19.3,7.449047222222222,Autumn
2016-03-26,20.0,7.844866666666666,Autumn
2016-03-27,18.0,9.414608333333332,Autumn
2016-03-28,18.7,8.259244444444445,Autumn
2016-03-29,19.0,11.104702777777778,Autumn
2016-03-30,17.6,5.5604,Autumn
2016-03-31,21.9,9.821297222222222,Autumn
2016-04-01,25.9,9.0,Autumn
2016-04-02,19.5,8.419752777777777,Autumn
2016-04-03,18.7,11.0,Autumn
2016-04-04,21.8,11.005391666666668,Autumn
2016-04-05,28.0,11.0,Autumn
2016-04-06,16.0,1.0,Autumn
2016-04-07,17.9,8.843219444444445,Autumn
2016-04-08,19.3,10.669675,Autumn
2016-04-09,20.7,9.072105555555556,Autumn
2016-04-10,20.8,10.269652777777777,Autumn
2016-04-11,18.2,8.948702777777779,Autumn
2016-04-12,17.7,8.402916666666666,Autumn
2016-04-13,19.3,8.886808333333333,Autumn
2016-04-14,25.5,9.597505555555555,Autumn
2016-04-15,26.4,10.815005555555555,Autumn
2016-04-16,18.9,10.526294444444446,Autumn
2016-04-17,18.3,10.7686,Autumn
2016-04-18,24.8,9.547405555555557,Autumn
2016-04-19,25.8,10.72323888888889,Autumn
2016-04-20,27.3,10.0,Autumn
2016-04-21,24.2,7.559936111111111,Autumn
2016-04-22,15.3,10.202613888888889,Autumn
2016-04-23,17.7,7.78485,Autumn
2016-04-24,18.5,10.344294444444444,Autumn
2016-04-25,23.4,10.591508333333334,Autumn
2016-04-26,24.5,10.547577777777777,Autumn
2016-04-27,24.5,7.965838888888889,Autumn
2016-04-28,25.2,5.391680555555555,Autumn
2016-04-29,21.0,1.1039861111111111,Autumn
2016-04-30,21.8,10.016675,Autumn
2016-05-01,18.6,10.011758333333335,Autumn
2016-05-02,17.3,6.890108333333333,Autumn
2016-05-03,17.3,5.761672222222223,Autumn
2016-05-04,16.1,8.779641666666667,Autumn
2016-05-05,19.2,5.903866666666667,Autumn
2016-05-06,22.8,9.898175,Autumn
2016-05-07,24.0,9.616125,Autumn
2016-05-08,17.7,0.0,Autumn
2016-05-09,19.9,3.251133333333333,Autumn
2016-05-10,15.7,5.54648611111111,Autumn
2016-05-11,16.0,5.946963888888889,Autumn
2016-05-12,18.6,4.101436111111111,Autumn
2016-05-13,20.6,9.0,Autumn
2016-05-14,21.0,9.71195,Autumn
2016-05-15,19.0,9.623774999999998,Autumn
2016-05-16,19.5,8.776583333333333,Autumn
2016-05-17,16.9,8.009802777777779,Autumn
2016-05-18,17.4,8.549802777777778,Autumn
2016-05-19,17.2,3.878963888888889,Autumn
2016-05-20,15.6,8.049961111111111,Autumn
2016-05-21,17.8,9.099619444444444,Autumn
2016-05-22,20.5,8.044855555555555,Autumn
2016-05-23,17.4,8.438725,Autumn
2016-05-24,14.9,9.263280555555555,Autumn
2016-05-25,15.9,2.5089555555555556,Autumn
2016-05-26,10.8,0.6360222222222222,Autumn
2016-05-27,12.8,9.28551111111111,Autumn
2016-05-28,12.9,8.541283333333332,Autumn
2016-05-29,12.7,8.654702777777779,Autumn
2016-05-30,13.2,8.374358333333333,Autumn
2016-05-31,15.2,9.21998611111111,Autumn
2016-06-01,14.7,8.048119444444444,Winter
2016-06-02,14.4,9.045944444444444,Winter
2016-06-03,14.0,6.049355555555556,Winter
2016-06-04,14.5,0.18416944444444444,Winter
2016-06-05,15.7,2.9852944444444445,Winter
2016-06-06,13.5,9.067002777777777,Winter
2016-06-07,13.1,4.141166666666667,Winter
2016-06-08,13.3,0.1190861111111111,Winter
2016-06-09,16.0,6.918663888888888,Winter
2016-06-10,15.3,7.437625000000001,Winter
2016-06-11,11.5,8.009224999999999,Winter
2016-06-12,12.8,8.742883333333333,Winter
2016-06-13,12.9,9.004077777777779,Winter
2016-06-14,15.9,9.0,Winter
2016-06-15,13.5,8.126713888888888,Winter
2016-06-16,12.1,6.155886111111111,Winter
2016-06-17,14.3,0.29441944444444446,Winter
2016-06-18,12.0,3.0459111111111112,Winter
2016-06-19,11.7,4.523147222222222,Winter
2016-06-20,12.0,0.023508333333333332,Winter
2016-06-21,12.4,7.4679722222222225,Winter
2016-06-22,13.7,9.0,Winter
2016-06-23,13.4,8.612677777777778,Winter
2016-06-24,8.5,9.0,Winter
2016-06-25,11.4,9.0,Winter
2016-06-26,10.6,7.717591666666667,Winter
2016-06-27,11.6,3.395194444444445,Winter
2016-06-28,15.0,9.0,Winter
2016-06-29,13.8,9.0,Winter
2016-06-30,10.4,1.6946388888888888,Winter
2016-07-01,12.2,5.145613888888889,Winter
2016-07-02,14.6,8.174816666666667,Winter
2016-07-03,14.1,8.872580555555556,Winter
2016-07-04,12.1,0.02614722222222222,Winter
2016-07-05,11.2,0.0,Winter
2016-07-06,11.3,0.0,Winter
2016-07-07,11.5,0.26476666666666665,Winter
2016-07-08,13.7,8.664333333333333,Winter
2016-07-09,13.1,9.0,Winter
2016-07-10,14.0,2.2453444444444446,Winter
2016-07-11,14.3,6.257761111111111,Winter
2016-07-12,12.5,6.9387888888888885,Winter
2016-07-13,10.0,9.0,Winter
2016-07-14,12.9,8.058980555555555,Winter
2016-07-15,13.5,8.0,Winter
2016-07-16,13.0,9.0,Winter
2016-07-17,14.7,9.0,Winter
2016-07-18,16.4,8.921352777777777,Winter
2016-07-19,15.5,6.4569833333333335,Winter
2016-07-20,13.7,8.935383333333334,Winter
2016-07-21,16.4,8.920527777777778,Winter
2016-07-22,16.9,4.897783333333334,Winter
2016-07-23,9.9,9.131933333333333,Winter
2016-07-24,10.7,8.21538611111111,Winter
2016-07-25,12.6,8.957575,Winter
2016-07-26,9.8,4.992,Winter
2016-07-27,10.4,7.328127777777778,Winter
2016-07-28,13.4,3.987038888888889,Winter
2016-07-29,12.7,1.0302333333333333,Winter
2016-07-30,13.7,2.711038888888889,Winter
2016-07-31,15.1,9.283030555555557,Winter
2016-08-01,12.3,0.0,Winter
2016-08-02,12.3,8.214030555555555,Winter
2016-08-03,11.6,9.587069444444444,Winter
2016-08-04,13.0,8.635133333333334,Winter
2016-08-05,13.2,6.8324,Winter
2016-08-06,13.0,3.4983444444444447,Winter
2016-08-07,13.3,9.369380555555555,Winter
2016-08-08,13.1,6.190286111111111,Winter
2016-08-09,15.3,8.02271388888889,Winter
2016-08-10,13.3,9.963558333333333,Winter
2016-08-11,13.0,8.415716666666667,Winter
2016-08-12,13.6,6.898680555555556,Winter
2016-08-13,14.2,7.549655555555555,Winter
2016-08-14,15.2,7.665297222222222,Winter
2016-08-15,16.8,10.366091666666668,Winter
2016-08-16,17.4,9.950333333333333,Winter
2016-08-17,13.6,9.575586111111111,Winter
2016-08-18,18.9,9.909572222222222,Winter
2016-08-19,16.0,0.49596666666666667,Winter
2016-08-20,12.3,10.549522222222222,Winter
2016-08-21,11.9,2.8928138888888886,Winter
2016-08-22,14.2,10.285925,Winter
2016-08-23,12.5,10.449425,Winter
2016-08-24,12.0,9.251705555555555,Winter
2016-08-25,10.8,10.815888888888889,Winter
2016-08-26,12.6,7.7559305555555556,Winter
2016-08-27,14.9,9.3313,Winter
2016-08-28,17.0,8.437533333333333,Winter
2016-08-29,16.9,8.260227777777777,Winter
2016-08-30,17.3,1.7847722222222222,Winter
2016-08-31,17.4,10.700905555555556,Winter
2016-09-01,14.6,10.027713888888888,Spring
2016-09-02,14.5,2.9143305555555554,Spring
2016-09-03,13.5,8.133055555555556,Spring
2016-09-04,15.1,6.388691666666667,Spring
2016-09-05,17.7,10.422336111111113,Spring
2016-09-06,19.5,9.49648611111111,Spring
2016-09-07,19.5,10.672802777777777,Spring
2016-09-08,21.0,11.121702777777777,Spring
2016-09-09,16.9,0.11779722222222222,Spring
2016-09-10,12.8,5.495433333333334,Spring
2016-09-11,15.7,8.81386111111111,Spring
2016-09-12,12.0,2.0291166666666665,Spring
2016-09-13,14.8,1.067125,Spring
2016-09-14,14.3,7.938786111111112,Spring
2016-09-15,13.8,7.057366666666667,Spring
2016-09-16,14.7,10.06405,Spring
2016-09-17,17.6,11.085980555555555,Spring
2016-09-18,13.5,2.8756361111111115,Spring
2016-09-19,14.2,11.54488611111111,Spring
2016-09-20,16.6,9.762808333333334,Spring
2016-09-21,15.2,6.884052777777778,Spring
2016-09-22,12.2,0.5633638888888889,Spring
2016-09-23,15.2,8.482177777777778,Spring
2016-09-24,17.4,8.080391666666667,Spring
2016-09-25,13.3,11.847913888888888,Spring
2016-09-26,15.6,10.06283611111111,Spring
2016-09-27,13.7,11.899788888888889,Spring
2016-09-28,17.7,10.121947222222223,Spring
2016-09-29,15.0,9.731233333333334,Spring
2016-09-30,13.7,11.976172222222223,Spring
2016-10-01,15.5,3.810461111111111,Spring
2016-10-02,21.2,12.0,Spring
2016-10-03,15.3,11.060555555555556,Spring
2016-10-04,15.0,9.265936111111111,Spring
2016-10-05,16.9,3.943302777777778,Spring
2016-10-06,23.2,12.03561388888889,Spring
2016-10-07,20.2,4.591411111111111,Spring
2016-10-08,15.1,12.182983333333333,Spring
2016-10-09,20.4,6.561075,Spring
2016-10-10,15.5,9.948108333333334,Spring
2016-10-11,13.5,11.469858333333333,Spring
2016-10-12,13.3,8.680302777777777,Spring
2016-10-13,13.6,12.472380555555555,Spring
2016-10-14,20.7,12.4679,Spring
2016-10-15,22.1,9.356022222222222,Spring
2016-10-16,22.5,7.6347805555555555,Spring
2016-10-17,16.8,11.573625000000002,Spring
2016-10-18,15.9,11.05841388888889,Spring
2016-10-19,14.7,12.211597222222222,Spring
2016-10-20,20.4,12.900438888888889,Spring
2016-10-21,16.9,0.25669166666666665,Spring
2016-10-22,11.9,12.635897222222223,Spring
2016-10-23,12.1,10.282152777777778,Spring
2016-10-24,15.6,10.389666666666667,Spring
2016-10-25,22.9,12.16691111111111,Spring
2016-10-26,18.9,6.662627777777778,Spring
2016-10-27,14.0,13.200911111111111,Spring
2016-10-28,16.7,13.376463888888887,Spring
2016-10-29,23.4,12.226197222222222,Spring
2016-10-30,24.0,11.557488888888889,Spring
2016-10-31,15.9,13.508672222222222,Spring
2016-11-01,16.0,12.521616666666667,Spring
2016-11-02,16.9,7.434611111111111,Spring
2016-11-03,20.1,13.617441666666666,Spring
2016-11-04,26.0,12.757902777777778,Spring
2016-11-05,15.1,11.936825,Spring
2016-11-06,20.6,12.052708333333333,Spring
2016-11-07,24.3,9.486577777777779,Spring
2016-11-08,16.3,11.98741388888889,Spring
2016-11-09,17.1,13.823016666666668,Spring
2016-11-10,15.6,10.219225,Spring
2016-11-11,20.2,13.868066666666667,Spring
2016-11-12,23.6,12.305222222222223,Spring
2016-11-13,16.3,5.866730555555556,Spring
2016-11-14,14.0,4.898055555555556,Spring
2016-11-15,16.2,8.050391666666666,Spring
2016-11-16,18.5,9.98798611111111,Spring
2016-11-17,27.8,13.75793611111111,Spring
2016-11-18,20.3,11.05928888888889,Spring
2016-11-19,19.4,13.965699999999998,Spring
2016-11-20,30.7,13.975844444444444,Spring
2016-11-21,33.7,11.985486111111111,Spring
2016-11-22,17.6,0.0,Spring
2016-11-23,14.7,10.736305555555555,Spring
2016-11-24,16.0,12.272861111111112,Spring
2016-11-25,16.1,10.907372222222222,Spring
2016-11-26,16.6,10.91255,Spring
2016-11-27,17.0,6.478058333333333,Spring
2016-11-28,18.9,11.507177777777777,Spring
2016-11-29,19.3,14.012955555555555,Spring
2016-11-30,19.6,9.900133333333335,Spring
2016-12-01,23.2,13.917355555555556,Summer
2016-12-02,19.7,12.02743611111111,Summer
2016-12-03,21.9,14.073847222222222,Summer
2016-12-04,31.1,10.220516666666667,Summer
2016-12-05,20.6,9.724983333333334,Summer
2016-12-06,18.4,9.76731111111111,Summer
2016-12-07,26.4,14.136447222222221,Summer
2016-12-08,21.7,8.0,Summer
2016-12-09,15.8,12.145430555555556,Summer
2016-12-10,17.5,13.424566666666667,Summer
2016-12-11,19.4,14.292947222222223,Summer
2016-12-12,30.7,14.378347222222223,Summer
2016-12-13,32.9,6.606197222222223,Summer
2016-12-14,22.7,11.776161111111112,Summer
2016-12-15,19.0,14.452975,Summer
2016-12-16,24.7,11.342797222222222,Summer
2016-12-17,18.9,13.44273888888889,Summer
2016-12-18,17.2,14.590797222222223,Summer
2016-12-19,28.7,14.0,Summer
2016-12-20,21.8,11.032533333333333,Summer
2016-12-21,19.0,14.203922222222223,Summer
2016-12-22,21.5,14.622275,Summer
2016-12-23,31.6,13.241908333333335,Summer
2016-12-24,34.5,14.485530555555556,Summer
2016-12-25,34.6,14.61513888888889,Summer
2016-12-26,27.8,5.854272222222223,Summer
2016-12-27,26.1,6.132183333333334,Summer
2016-12-28,35.0,6.491538888888889,Summer
2016-12-29,29.1,5.244861111111111,Summer
2016-12-30,28.0,13.4512,Summer
2016-12-31,24.0,14.310758333333334,Summer
2017-01-01,21.3,4.389872222222222,Summer
2017-01-02,18.2,5.662630555555556,Summer
2017-01-03,19.7,11.196177777777777,Summer
2017-01-04,28.0,14.526472222222223,Summer
2017-01-05,30.2,14.34672222222222,Summer
2017-01-06,33.0,14.49768888888889,Summer
2017-01-07,36.2,14.093819444444444,Summer
2017-01-08,32.9,11.67863611111111,Summer
2017-01-09,24.8,6.936855555555556,Summer
2017-01-10,27.8,13.193319444444443,Summer
2017-01-11,23.2,14.107097222222222,Summer
2017-01-12,27.1,14.390769444444443,Summer
2017-01-13,29.9,2.8838694444444446,Summer
2017-01-14,21.5,6.783238888888889,Summer
2017-01-15,21.0,12.638116666666667,Summer
2017-01-16,29.2,14.300980555555554,Summer
2017-01-17,37.2,13.638455555555556,Summer
2017-01-18,20.2,10.630733333333334,Summer
2017-01-19,24.5,12.602280555555556,Summer
2017-01-20,20.9,3.0809111111111114,Summer
2017-01-21,21.1,12.561772222222222,Summer
2017-01-22,28.7,13.834672222222222,Summer
2017-01-23,37.1,11.230480555555557,Summer
2017-01-24,23.1,11.536511111111112,Summer
2017-01-25,21.9,13.781633333333332,Summer
2017-01-26,21.4,10.258227777777778,Summer
2017-01-27,25.5,13.423425,Summer
2017-01-28,30.2,13.471472222222223,Summer
2017-01-29,27.0,13.346272222222222,Summer
2017-01-30,32.4,4.090019444444445,Summer
2017-01-31,21.9,13.012572222222223,Summer
2017-02-01,21.4,9.399644444444444,Summer
2017-02-02,25.0,13.197505555555555,Summer
2017-02-03,26.1,13.204247222222222,Summer
2017-02-04,36.3,13.125838888888888,Summer
2017-02-05,30.5,3.0718555555555556,Summer
2017-02-06,19.3,0.0,Summer
2017-02-07,26.5,13.063833333333335,Summer
2017-02-08,34.0,13.072041666666665,Summer
2017-02-09,34.5,13.0,Summer
2017-02-10,27.4,13.004683333333334,Summer
2017-02-11,22.5,12.362822222222222,Summer
2017-02-12,19.5,4.964963888888889,Summer
2017-02-13,19.5,2.9963722222222224,Summer
2017-02-14,19.3,10.236402777777778,Summer
2017-02-15,30.7,13.0,Summer
2017-02-16,24.6,12.122458333333332,Summer
2017-02-17,25.5,12.0,Summer
2017-02-18,19.8,13.0,Summer
2017-02-19,16.8,11.338838888888889,Summer
2017-02-20,20.0,12.05506388888889,Summer
2017-02-21,23.0,12.99273611111111,Summer
2017-02-22,32.2,12.975213888888888,Summer
2017-02-23,26.0,12.957755555555556,Summer
2017-02-24,19.1,8.674877777777779,Summer
2017-02-25,20.0,12.923052777777777,Summer
2017-02-26,28.7,12.90571111111111,Summer
2017-02-27,32.2,12.865344444444444,Summer
2017-02-28,33.5,12.824847222222221,Summer
2017-03-01,32.1,12.78425,Autumn
2017-03-02,24.9,11.510213888888888,Autumn
2017-03-03,26.6,9.268641666666667,Autumn
2017-03-04,28.1,12.662172222222223,Autumn
2017-03-05,25.0,9.417911111111112,Autumn
2017-03-06,27.8,12.580858333333332,Autumn
2017-03-07,28.2,12.540308333333334,Autumn
2017-03-08,30.6,12.499872222222223,Autumn
2017-03-09,32.0,12.242491666666666,Autumn
2017-03-10,25.6,11.752852777777777,Autumn
2017-03-11,26.9,8.720005555555556,Autumn
2017-03-12,28.7,11.47096111111111,Autumn
2017-03-13,25.2,12.144616666666668,Autumn
2017-03-14,31.5,11.420669444444446,Autumn
2017-03-15,33.5,11.895497222222222,Autumn
2017-03-16,25.7,5.035952777777778,Autumn
2017-03-17,22.6,10.970500000000001,Autumn
2017-03-18,29.6,11.967033333333333,Autumn
2017-03-19,32.3,11.883622222222222,Autumn
2017-03-20,28.5,9.91734722222222,Autumn
2017-03-21,25.9,5.410997222222222,Autumn
2017-03-22,21.1,5.504802777777778,Autumn
2017-03-23,23.9,11.283083333333334,Autumn
2017-03-24,24.4,9.739425,Autumn
2017-03-25,26.7,8.0,Autumn
2017-03-26,24.6,10.968175,Autumn
2017-03-27,30.8,8.586644444444444,Autumn
2017-03-28,22.6,11.19221111111111,Autumn
2017-03-29,26.4,10.511183333333333,Autumn
2017-03-30,16.2,11.126949999999999,Autumn
2017-03-31,16.4,7.104622222222222,Autumn
2017-04-01,17.2,7.749544444444445,Autumn
2017-04-02,16.8,6.275775,Autumn
2017-04-03,20.3,11.0,Autumn
2017-04-04,23.1,10.767519444444444,Autumn
2017-04-05,23.5,11.011269444444444,Autumn
2017-04-06,24.6,11.0,Autumn
2017-04-07,25.2,11.0,Autumn
2017-04-08,26.0,10.987561111111111,Autumn
2017-04-09,19.5,4.322791666666666,Autumn
2017-04-10,14.9,0.5046972222222222,Autumn
2017-04-11,17.4,8.989727777777778,Autumn
2017-04-12,19.2,10.890244444444443,Autumn
2017-04-13,20.8,10.11231388888889,Autumn
2017-04-14,16.9,6.3968638888888885,Autumn
2017-04-15,16.0,10.819497222222223,Autumn
2017-04-16,20.4,7.859188888888889,Autumn
2017-04-17,18.8,9.0,Autumn
2017-04-18,19.5,8.950375,Autumn
2017-04-19,25.9,8.456288888888889,Autumn
2017-04-20,25.8,9.800305555555555,Autumn
2017-04-21,18.6,0.26768055555555553,Autumn
2017-04-22,21.6,10.330505555555556,Autumn
2017-04-23,20.7,8.397033333333333,Autumn
2017-04-24,23.0,7.920763888888889,Autumn
2017-04-25,17.8,7.381022222222223,Autumn
2017-04-26,13.8,8.051344444444444,Autumn
2017-04-27,13.1,7.7984277777777775,Autumn
2017-04-28,18.0,5.190358333333333,Autumn
2017-04-29,17.6,5.053491666666667,Autumn
2017-04-30,16.8,9.782238888888887,Autumn
2017-05-01,19.2,5.251427777777778,Autumn
2017-05-02,13.7,9.921899999999999,Autumn
2017-05-03,14.1,9.012830555555555,Autumn
2017-05-04,15.6,9.99818888888889,Autumn
2017-05-05,18.5,7.988638888888889,Autumn
2017-05-06,19.4,6.832877777777778,Autumn
2017-05-07,13.8,9.818058333333333,Autumn
2017-05-08,14.9,8.697402777777778,Autumn
2017-05-09,14.9,5.861694444444444,Autumn
2017-05-10,16.2,8.503130555555556,Autumn
2017-05-11,15.9,7.984872222222222,Autumn
2017-05-12,18.8,9.745080555555555,Autumn
2017-05-13,14.6,8.848713888888888,Autumn
2017-05-14,14.8,7.9658500000000005,Autumn
2017-05-15,15.4,8.926713888888889,Autumn
2017-05-16,17.0,6.084961111111111,Autumn
2017-05-17,18.0,2.9151472222222226,Autumn
2017-05-18,18.3,8.493136111111111,Autumn
2017-05-19,18.0,1.305038888888889,Autumn
2017-05-20,18.0,9.594522222222222,Autumn
2017-05-21,18.2,9.056294444444445,Autumn
2017-05-22,19.0,9.063808333333332,Autumn
2017-05-23,17.7,7.887513888888889,Autumn
2017-05-24,16.1,8.445302777777778,Autumn
2017-05-25,17.4,5.799369444444444,Autumn
2017-05-26,15.1,9.184616666666667,Autumn
2017-05-27,17.2,7.162966666666667,Autumn
2017-05-28,13.6,8.406283333333333,Autumn
2017-05-29,14.0,7.4014500000000005,Autumn
2017-05-30,11.8,6.048616666666667,Autumn
2017-05-31,12.5,9.032058333333334,Autumn
2017-06-01,13.2,7.9203833333333336,Winter
2017-06-02,14.3,7.728513888888889,Winter
2017-06-03,13.9,8.760230555555555,Winter
2017-06-04,13.4,9.055216666666666,Winter
2017-06-05,16.3,8.758558333333333,Winter
2017-06-06,12.8,7.656452777777778,Winter
2017-06-07,13.1,9.0,Winter
2017-06-08,13.9,6.442513888888889,Winter
2017-06-09,13.9,6.75456111111111,Winter
2017-06-10,14.2,8.050613888888888,Winter
2017-06-11,16.4,9.0,Winter
2017-06-12,16.0,7.829058333333333,Winter
2017-06-13,13.6,8.787905555555556,Winter
2017-06-14,15.3,8.929269444444444,Winter
2017-06-15,16.3,7.276511111111111,Winter
2017-06-16,15.8,9.0,Winter
2017-06-17,14.6,9.0166,Winter
2017-06-18,14.7,9.0,Winter
2017-06-19,15.9,9.0,Winter
2017-06-20,14.2,9.023405555555556,Winter
2017-06-21,12.9,2.9563027777777777,Winter
2017-06-22,14.1,6.062372222222223,Winter
2017-06-23,13.6,8.214816666666668,Winter
2017-06-24,11.8,7.673911111111112,Winter
2017-06-25,12.6,5.1149,Winter
2017-06-26,12.5,8.413202777777778,Winter
2017-06-27,12.3,5.506211111111111,Winter
2017-06-28,14.6,6.238194444444445,Winter
2017-06-29,12.8,5.372916666666667,Winter
2017-06-30,10.9,7.930733333333333,Winter
2017-07-01,11.2,9.0,Winter
2017-07-02,12.4,9.030713888888888,Winter
2017-07-03,13.9,7.462588888888889,Winter
2017-07-04,15.1,8.328519444444444,Winter
2017-07-05,13.4,9.0,Winter
2017-07-06,14.1,8.859544444444445,Winter
2017-07-07,12.6,9.0,Winter
2017-07-08,12.8,9.020322222222223,Winter
2017-07-09,13.1,8.588522222222222,Winter
2017-07-10,14.6,9.014552777777778,Winter
2017-07-11,13.2,9.011266666666668,Winter
2017-07-12,13.2,8.290041666666667,Winter
2017-07-13,11.8,4.547988888888889,Winter
2017-07-14,14.1,8.163549999999999,Winter
2017-07-15,11.6,9.0,Winter
2017-07-16,9.9,3.645336111111111,Winter
2017-07-17,14.2,7.9122611111111105,Winter
2017-07-18,13.1,8.941252777777777,Winter
2017-07-19,11.4,7.358944444444445,Winter
2017-07-20,10.3,9.0,Winter
2017-07-21,12.6,9.164147222222223,Winter
2017-07-22,11.6,9.010733333333333,Winter
2017-07-23,13.4,6.168383333333334,Winter
2017-07-24,14.6,8.392355555555556,Winter
2017-07-25,16.0,9.210211111111112,Winter
2017-07-26,13.1,9.022730555555556,Winter
2017-07-27,13.8,8.534033333333333,Winter
2017-07-28,13.6,9.277116666666668,Winter
2017-07-29,15.4,9.268902777777779,Winter
2017-07-30,15.8,9.393527777777777,Winter
2017-07-31,12.8,9.377177777777776,Winter
2017-08-01,13.3,9.537597222222221,Winter
2017-08-02,9.8,3.8237833333333335,Winter
2017-08-03,8.7,0.1350138888888889,Winter
2017-08-04,11.2,1.66935,Winter
2017-08-05,12.9,9.642875,Winter
2017-08-06,11.2,7.264375,Winter
2017-08-07,10.7,8.445761111111112,Winter
2017-08-08,14.6,5.415202777777778,Winter
2017-08-09,16.1,6.717158333333334,Winter
2017-08-10,16.9,9.198875,Winter
2017-08-11,15.2,10.231925,Winter
2017-08-12,16.1,8.487158333333333,Winter
2017-08-13,16.6,10.426047222222222,Winter
2017-08-14,17.5,9.813413888888888,Winter
2017-08-15,15.7,1.0186861111111112,Winter
2017-08-16,15.8,10.546524999999999,Winter
2017-08-17,14.6,6.121616666666666,Winter
2017-08-18,10.7,9.545658333333334,Winter
2017-08-19,10.2,10.240380555555557,Winter
2017-08-20,12.0,9.945636111111112,Winter
2017-08-21,10.6,1.4234055555555556,Winter
2017-08-22,15.8,8.407991666666668,Winter
2017-08-23,16.2,9.0,Winter
2017-08-24,12.6,10.611244444444445,Winter
2017-08-25,13.7,8.473916666666666,Winter
2017-08-26,14.4,6.576108333333334,Winter
2017-08-27,10.5,10.751822222222222,Winter
2017-08-28,10.6,7.387219444444445,Winter
2017-08-29,12.1,9.232972222222221,Winter
2017-08-30,11.8,9.828908333333333,Winter
2017-08-31,14.6,10.897027777777778,Winter
2017-09-01,15.7,10.91106388888889,Spring
2017-09-02,15.6,6.381658333333334,Spring
2017-09-03,15.4,7.805625,Spring
2017-09-04,10.8,10.689175,Spring
2017-09-05,11.6,7.935844444444444,Spring
2017-09-06,12.8,5.286122222222223,Spring
2017-09-07,14.4,10.901577777777778,Spring
2017-09-08,11.6,10.810897222222223,Spring
2017-09-09,12.8,9.745505555555555,Spring
2017-09-10,14.1,10.864111111111113,Spring
2017-09-11,16.8,5.851763888888889,Spring
2017-09-12,19.5,3.52215,Spring
2017-09-13,14.7,9.103819444444444,Spring
2017-09-14,12.6,6.280180555555556,Spring
2017-09-15,14.5,6.096511111111111,Spring
2017-09-16,12.4,11.101819444444445,Spring
2017-09-17,16.2,11.0075,Spring
2017-09-18,20.5,10.318005555555555,Spring
2017-09-19,12.8,10.253225,Spring
2017-09-20,18.7,11.71158611111111,Spring
2017-09-21,21.1,7.010522222222223,Spring
2017-09-22,23.3,9.451469444444445,Spring
2017-09-23,27.0,10.630408333333333,Spring
2017-09-24,17.0,11.532227777777777,Spring
2017-09-25,13.0,3.987713888888889,Spring
2017-09-26,14.6,11.866130555555555,Spring
2017-09-27,23.0,9.21551388888889,Spring
2017-09-28,15.6,5.351480555555556,Spring
2017-09-29,16.8,9.007241666666667,Spring
2017-09-30,15.5,11.380083333333333,Spring
2017-10-01,16.6,7.703258333333333,Spring
2017-10-02,15.9,11.654061111111112,Spring
2017-10-03,21.4,12.0,Spring
2017-10-04,23.0,11.494802777777778,Spring
2017-10-05,19.7,8.0,Spring
2017-10-06,14.4,6.853483333333333,Spring
2017-10-07,21.2,11.13091111111111,Spring
2017-10-08,24.0,10.001766666666667,Spring
2017-10-09,18.2,10.25316111111111,Spring
2017-10-10,18.5,12.170005555555555,Spring
2017-10-11,23.1,5.785586111111111,Spring
2017-10-12,16.6,9.680022222222222,Spring
2017-10-13,16.9,10.819716666666668,Spring
2017-10-14,16.0,11.064883333333334,Spring
2017-10-15,17.9,12.29655,Spring
2017-10-16,26.9,11.462183333333334,Spring
2017-10-17,28.2,12.5815,Spring
2017-10-18,28.7,12.481577777777778,Spring
2017-10-19,23.8,5.936511111111111,Spring
2017-10-20,15.1,11.8749,Spring
2017-10-21,14.8,4.483586111111111,Spring
2017-10-22,15.1,0.7958277777777778,Spring
2017-10-23,18.8,10.625933333333334,Spring
2017-10-24,19.9,10.166533333333332,Spring
2017-10-25,18.4,9.404008333333334,Spring
2017-10-26,15.4,0.4876138888888889,Spring
2017-10-27,25.1,12.782874999999999,Spring
2017-10-28,21.6,8.450091666666667,Spring
2017-10-29,26.3,13.383438888888888,Spring
2017-10-30,16.2,11.103997222222223,Spring
2017-10-31,15.2,8.15925,Spring
2017-11-01,16.6,4.960752777777778,Spring
2017-11-02,15.4,2.4520805555555554,Spring
2017-11-03,14.9,11.915397222222222,Spring
2017-11-04,14.9,11.156727777777778,Spring
2017-11-05,16.4,12.76876388888889,Spring
2017-11-06,15.4,13.106133333333334,Spring
2017-11-07,13.9,10.166277777777777,Spring
2017-11-08,17.6,13.347758333333333,Spring
2017-11-09,20.5,13.671977777777778,Spring
2017-11-10,26.0,12.409980555555556,Spring
2017-11-11,26.2,13.34,Spring
2017-11-12,25.1,11.191825,Spring
2017-11-13,31.7,13.891155555555557,Spring
2017-11-14,32.5,13.904469444444443,Spring
2017-11-15,30.7,8.769883333333334,Spring
2017-11-16,20.7,2.0585666666666667,Spring
2017-11-17,24.0,12.106222222222222,Spring
2017-11-18,27.5,12.850305555555556,Spring
2017-11-19,28.6,13.964008333333334,Spring
2017-11-20,30.2,13.97438611111111,Spring
2017-11-21,32.3,13.984211111111112,Spring
2017-11-22,32.5,13.993466666666668,Spring
2017-11-23,33.5,14.0,Spring
2017-11-24,29.6,10.133308333333334,Spring
2017-11-25,30.9,11.730855555555555,Spring
2017-11-26,24.9,6.680630555555556,Spring
2017-11-27,20.5,8.707905555555556,Spring
2017-11-28,30.0,14.0,Spring
2017-11-29,34.7,14.0,Spring
2017-11-30,33.3,13.000769444444444,Spring
2017-12-01,24.8,0.0,Summer
2017-12-02,16.5,0.0,Summer
2017-12-03,14.6,3.235688888888889,Summer
2017-12-04,17.5,8.512944444444445,Summer
2017-12-05,20.2,13.38081388888889,Summer
2017-12-06,20.5,13.695075,Summer
2017-12-07,21.1,8.241930555555555,Summer
2017-12-08,17.3,14.039072222222224,Summer
2017-12-09,21.9,13.075430555555556,Summer
2017-12-10,21.7,14.117216666666668,Summer
2017-12-11,20.7,11.849922222222222,Summer
2017-12-12,24.0,14.0,Summer
2017-12-13,34.8,14.007719444444446,Summer
2017-12-14,23.8,11.580202777777778,Summer
2017-12-15,24.1,14.180124999999999,Summer
2017-12-16,23.0,14.266675,Summer
2017-12-17,24.5,14.0,Summer
2017-12-18,32.2,11.981130555555556,Summer
2017-12-19,37.0,5.371316666666667,Summer
2017-12-20,23.5,8.730027777777778,Summer
2017-12-21,23.5,14.334805555555556,Summer
2017-12-22,25.6,12.737497222222222,Summer
2017-12-23,26.6,11.011474999999999,Summer
2017-12-24,18.6,10.727655555555556,Summer
2017-12-25,22.4,11.952419444444445,Summer
2017-12-26,28.3,13.96091388888889,Summer
2017-12-27,34.5,13.845494444444444,Summer
2017-12-28,32.5,7.357808333333334,Summer
2017-12-29,23.2,4.476652777777778,Summer
2017-12-30,21.8,5.521002777777778,Summer
2017-12-31,24.5,14.294894444444445,Summer
2018-01-01,25.6,14.371130555555556,Summer
2018-01-02,22.4,8.937058333333333,Summer
2018-01-03,20.6,11.645088888888889,Summer
2018-01-04,23.8,14.326747222222222,Summer
2018-01-05,27.2,13.68918888888889,Summer
2018-01-06,41.2,14.387288888888888,Summer
2018-01-07,22.0,9.998525,Summer
2018-01-08,22.0,10.620127777777778,Summer
2018-01-09,22.0,14.163458333333333,Summer
2018-01-10,26.5,13.900333333333332,Summer
2018-01-11,35.0,12.772777777777778,Summer
2018-01-12,29.9,0.383875,Summer
2018-01-13,20.8,8.856583333333333,Summer
2018-01-14,18.0,13.484966666666667,Summer
2018-01-15,20.8,8.963186111111112,Summer
2018-01-16,25.5,13.948855555555555,Summer
2018-01-17,28.2,13.958,Summer
2018-01-18,38.2,13.878730555555556,Summer
2018-01-19,41.0,13.800183333333335,Summer
2018-01-20,24.7,11.103336111111112,Summer
2018-01-21,28.0,9.247855555555555,Summer
2018-01-22,25.0,9.640675,Summer
2018-01-23,23.6,11.318380555555555,Summer
2018-01-24,23.9,13.328180555555555,Summer
2018-01-25,29.0,12.012891666666668,Summer
2018-01-26,29.9,8.865833333333333,Summer
2018-01-27,30.7,12.266569444444444,Summer
2018-01-28,37.0,13.166475,Summer
2018-01-29,34.3,11.0,Summer
2018-01-30,19.5,4.205708333333333,Summer
2018-01-31,17.5,6.222691666666666,Summer
2018-02-01,21.5,13.104072222222223,Summer
2018-02-02,22.6,13.024952777777779,Summer
2018-02-03,26.4,13.03202777777778,Summer
2018-02-04,26.7,13.039311111111111,Summer
2018-02-05,25.9,12.148402777777777,Summer
2018-02-06,29.8,13.054444444444444,Summer
2018-02-07,37.3,13.0,Summer
2018-02-08,29.2,9.358958333333334,Summer
2018-02-09,26.1,7.923927777777777,Summer
2018-02-10,32.6,8.771127777777778,Summer
2018-02-11,20.2,9.780930555555555,Summer
2018-02-12,22.5,11.978874999999999,Summer
2018-02-13,28.2,13.0,Summer
2018-02-14,22.8,11.426958333333333,Summer
2018-02-15,22.5,6.954866666666667,Summer
2018-02-16,22.9,12.277697222222223,Summer
2018-02-17,26.6,13.0,Summer
2018-02-18,24.3,8.325666666666667,Summer
2018-02-19,24.8,9.931969444444443,Summer
2018-02-20,29.0,13.0,Summer
2018-02-21,30.9,9.199977777777777,Summer
2018-02-22,28.0,2.371102777777778,Summer
2018-02-23,32.8,9.356494444444444,Summer
2018-02-24,31.4,6.797341666666667,Summer
2018-02-25,19.7,7.049769444444444,Summer
2018-02-26,27.5,12.909866666666666,Summer
2018-02-27,31.5,12.873438888888888,Summer
2018-02-28,31.6,12.416797222222222,Summer
2018-03-01,20.3,5.061425,Autumn
2018-03-02,24.1,11.023122222222222,Autumn
2018-03-03,33.2,12.712816666666667,Autumn
2018-03-04,20.6,11.787394444444445,Autumn
2018-03-05,20.9,10.228266666666666,Autumn
2018-03-06,27.2,12.592966666666667,Autumn
2018-03-07,29.4,12.552683333333334,Autumn
2018-03-08,30.8,12.512172222222222,Autumn
2018-03-09,30.4,12.471469444444445,Autumn
2018-03-10,35.2,12.4306,Autumn
2018-03-11,23.8,12.153730555555555,Autumn
2018-03-12,20.5,7.499438888888889,Autumn
2018-03-13,20.1,10.969413888888889,Autumn
2018-03-14,21.6,10.77235,Autumn
2018-03-15,20.6,9.132950000000001,Autumn
2018-03-16,25.5,10.71345,Autumn
2018-03-17,33.2,9.629925,Autumn
2018-03-18,27.0,9.021972222222221,Autumn
2018-03-19,26.6,9.606308333333333,Autumn
2018-03-20,18.5,6.827794444444445,Autumn
2018-03-21,24.4,9.101622222222222,Autumn
2018-03-22,27.1,11.418977777777778,Autumn
2018-03-23,29.0,11.231841666666666,Autumn
2018-03-24,22.6,5.099183333333333,Autumn
2018-03-25,23.8,9.0,Autumn
2018-03-26,18.0,9.167252777777778,Autumn
2018-03-27,21.9,11.0,Autumn
2018-03-28,29.6,11.109447222222222,Autumn
2018-03-29,21.6,7.9926,Autumn
2018-03-30,22.2,9.90926111111111,Autumn
2018-03-31,22.5,11.0,Autumn
2018-04-01,29.1,9.980991666666666,Autumn
2018-04-02,20.2,6.898677777777778,Autumn
2018-04-03,19.6,11.0,Autumn
2018-04-04,22.0,10.709291666666665,Autumn
2018-04-05,19.9,7.259972222222222,Autumn
2018-04-06,20.2,8.839583333333334,Autumn
2018-04-07,22.5,11.0,Autumn
2018-04-08,30.4,10.991975,Autumn
2018-04-09,21.6,10.96756388888889,Autumn
2018-04-10,32.3,5.467697222222222,Autumn
2018-04-11,22.5,10.919494444444444,Autumn
2018-04-12,28.3,7.632563888888889,Autumn
2018-04-13,25.9,10.872625,Autumn
2018-04-14,17.0,3.9380611111111112,Autumn
2018-04-15,16.1,0.7848166666666667,Autumn
2018-04-16,20.1,4.339280555555556,Autumn
2018-04-17,15.8,6.106288888888889,Autumn
2018-04-18,22.5,10.758783333333334,Autumn
2018-04-19,21.8,10.736291666666666,Autumn
2018-04-20,20.3,9.991022222222222,Autumn
2018-04-21,22.4,9.859066666666667,Autumn
2018-04-22,21.0,10.621886111111111,Autumn
2018-04-23,27.0,8.647927777777777,Autumn
2018-04-24,26.2,7.265930555555555,Autumn
2018-04-25,19.8,7.050686111111111,Autumn
2018-04-26,18.0,5.491591666666666,Autumn
2018-04-27,17.4,5.3558972222222225,Autumn
2018-04-28,16.9,10.285786111111111,Autumn
2018-04-29,17.8,10.281897222222224,Autumn
2018-04-30,18.8,9.020150000000001,Autumn
2018-05-01,23.0,9.928838888888889,Autumn
2018-05-02,22.3,7.0,Autumn
2018-05-03,24.2,7.535238888888889,Autumn
2018-05-04,16.2,9.0,Autumn
2018-05-05,19.5,9.770275,Autumn
2018-05-06,20.8,8.942311111111112,Autumn
2018-05-07,19.4,5.638019444444444,Autumn
2018-05-08,16.9,6.0,Autumn
2018-05-09,18.1,6.798922222222222,Autumn
2018-05-10,12.1,9.77773611111111,Autumn
2018-05-11,13.4,1.4894611111111111,Autumn
2018-05-12,15.1,6.963363888888889,Autumn
2018-05-13,14.9,9.16931111111111,Autumn
2018-05-14,13.4,4.332661111111111,Autumn
2018-05-15,13.9,3.359261111111111,Autumn
2018-05-16,13.6,5.788322222222222,Autumn
2018-05-17,14.6,4.204566666666667,Autumn
2018-05-18,15.9,9.0,Autumn
2018-05-19,14.6,2.919302777777778,Autumn
2018-05-20,16.9,8.071994444444444,Autumn
2018-05-21,15.3,2.347725,Autumn
2018-05-22,15.9,2.0,Autumn
2018-05-23,14.5,0.6643027777777777,Autumn
2018-05-24,15.4,6.0902666666666665,Autumn
2018-05-25,14.6,9.175075,Autumn
2018-05-26,18.5,9.458130555555554,Autumn
2018-05-27,19.0,7.9463083333333335,Autumn
2018-05-28,18.5,5.442472222222222,Autumn
2018-05-29,16.5,8.451036111111112,Autumn
2018-05-30,14.6,7.553363888888889,Autumn
2018-05-31,13.6,9.030691666666668,Autumn
2018-06-01,12.6,9.222658333333333,Winter
2018-06-02,12.8,8.602538888888889,Winter
2018-06-03,13.4,7.0,Winter
2018-06-04,13.9,9.0,Winter
2018-06-05,14.1,8.644430555555555,Winter
2018-06-06,17.7,9.0,Winter
2018-06-07,15.9,4.381030555555555,Winter
2018-06-08,15.0,0.0,Winter
2018-06-09,14.8,8.370733333333334,Winter
2018-06-10,13.6,8.104769444444443,Winter
2018-06-11,16.6,8.926291666666668,Winter
2018-06-12,14.8,7.7513555555555556,Winter
2018-06-13,13.5,6.248313888888889,Winter
2018-06-14,13.6,8.924044444444444,Winter
2018-06-15,12.4,9.0,Winter
2018-06-16,11.8,7.0936972222222225,Winter
2018-06-17,11.5,4.468225,Winter
2018-06-18,11.3,4.815283333333333,Winter
2018-06-19,12.8,9.02046111111111,Winter
2018-06-20,13.1,7.304702777777778,Winter
2018-06-21,13.8,9.0,Winter
2018-06-22,14.1,9.0,Winter
2018-06-23,14.1,3.2952555555555554,Winter
2018-06-24,12.2,7.157663888888889,Winter
2018-06-25,12.4,8.033341666666667,Winter
2018-06-26,12.9,7.602702777777778,Winter
2018-06-27,10.8,7.117555555555556,Winter
2018-06-28,8.9,3.9350916666666667,Winter
2018-06-29,12.2,5.870819444444445,Winter
2018-06-30,12.6,5.0,Winter
2018-07-01,13.3,9.0,Winter
2018-07-02,13.1,9.031233333333333,Winter
2018-07-03,13.1,6.51336111111111,Winter
2018-07-04,14.6,5.238663888888889,Winter
2018-07-05,16.2,4.011341666666667,Winter
2018-07-06,15.1,8.0,Winter
2018-07-07,11.4,7.734705555555555,Winter
2018-07-08,12.8,7.959802777777778,Winter
2018-07-09,13.0,5.813458333333333,Winter
2018-07-10,12.5,6.471894444444445,Winter
2018-07-11,11.0,6.808883333333333,Winter
2018-07-12,11.5,8.968175,Winter
2018-07-13,12.4,6.787025,Winter
2018-07-14,13.6,9.0,Winter
2018-07-15,12.1,9.0,Winter
2018-07-16,12.6,4.797672222222222,Winter
2018-07-17,15.3,8.988497222222222,Winter
2018-07-18,14.6,9.074147222222223,Winter
2018-07-19,16.2,9.06885,Winter
2018-07-20,11.8,9.063305555555557,Winter
2018-07-21,13.2,8.872425,Winter
2018-07-22,13.1,9.063941666666667,Winter
2018-07-23,13.1,6.424716666666667,Winter
2018-07-24,14.4,6.022022222222222,Winter
2018-07-25,14.6,7.663716666666667,Winter
2018-07-26,14.4,8.618741666666667,Winter
2018-07-27,18.0,9.197422222222222,Winter
2018-07-28,17.0,8.051766666666667,Winter
2018-07-29,12.6,8.598505555555555,Winter
2018-07-30,12.2,4.2394388888888885,Winter
2018-07-31,14.1,9.43168611111111,Winter
2018-08-01,13.8,9.36395,Winter
2018-08-02,14.9,9.346144444444445,Winter
2018-08-03,17.1,4.932955555555555,Winter
2018-08-04,13.4,5.481238888888889,Winter
2018-08-05,15.6,9.351111111111111,Winter
2018-08-06,13.4,8.88063611111111,Winter
2018-08-07,13.6,9.442811111111112,Winter
2018-08-08,13.9,9.0444,Winter
2018-08-09,12.9,7.106727777777778,Winter
2018-08-10,17.6,9.870941666666667,Winter
2018-08-11,14.6,4.845497222222223,Winter
2018-08-12,13.4,6.390630555555556,Winter
2018-08-13,15.2,5.539527777777778,Winter
2018-08-14,15.9,10.466861111111111,Winter
2018-08-15,15.6,8.532625,Winter
2018-08-16,13.4,8.106444444444445,Winter
2018-08-17,14.8,9.155986111111112,Winter
2018-08-18,12.2,10.13888888888889,Winter
2018-08-19,11.0,7.659011111111111,Winter
2018-08-20,11.8,3.9260472222222225,Winter
2018-08-21,11.9,4.108180555555556,Winter
2018-08-22,13.9,8.299727777777777,Winter
2018-08-23,15.9,10.70676111111111,Winter
2018-08-24,14.9,10.795194444444444,Winter
2018-08-25,15.3,10.809333333333333,Winter
2018-08-26,15.2,5.092019444444444,Winter
2018-08-27,11.2,10.837558333333334,Winter
2018-08-28,10.6,10.851641666666668,Winter
2018-08-29,12.2,10.865699999999999,Winter
2018-08-30,12.2,0.0,Winter
2018-08-31,16.2,5.250477777777778,Winter
2018-09-01,12.8,3.805680555555556,Spring
2018-09-02,11.4,9.93556111111111,Spring
2018-09-03,13.4,10.935630555555555,Spring
2018-09-04,17.8,10.949575000000001,Spring
2018-09-05,18.3,10.963513888888889,Spring
2018-09-06,18.9,8.269836111111111,Spring
2018-09-07,13.6,10.991380555555557,Spring
2018-09-08,16.0,10.0,Spring
2018-09-09,17.4,9.908905555555554,Spring
2018-09-10,17.0,5.718566666666667,Spring
2018-09-11,21.9,11.1708,Spring
2018-09-12,16.3,8.803716666666666,Spring
2018-09-13,20.1,11.225352777777777,Spring
2018-09-14,21.1,11.293130555555555,Spring
2018-09-15,17.0,8.0,Spring
2018-09-16,12.9,9.388391666666667,Spring
2018-09-17,16.8,11.480883333333333,Spring
2018-09-18,19.4,8.981841666666668,Spring
2018-09-19,14.0,11.612588888888888,Spring
2018-09-20,15.4,9.791063888888889,Spring
2018-09-21,18.2,11.686272222222224,Spring
2018-09-22,19.5,11.75553611111111,Spring
2018-09-23,12.1,4.891297222222222,Spring
2018-09-24,14.9,11.46586111111111,Spring
2018-09-25,12.7,10.286730555555556,Spring
2018-09-26,18.1,11.858527777777777,Spring
2018-09-27,22.5,11.884502777777778,Spring
2018-09-28,14.4,5.795716666666667,Spring
2018-09-29,12.8,5.082216666666667,Spring
2018-09-30,15.9,11.962519444444444,Spring
2018-10-01,22.4,11.988455555555555,Spring
2018-10-02,24.6,7.691519444444444,Spring
2018-10-03,19.5,9.693966666666666,Spring
2018-10-04,15.1,12.0,Spring
2018-10-05,20.1,12.046486111111111,Spring
2018-10-06,23.4,12.0,Spring
2018-10-07,25.2,12.031761111111111,Spring
2018-10-08,27.1,12.0,Spring
2018-10-09,16.8,0.3945222222222222,Spring
2018-10-10,16.1,12.090691666666666,Spring
2018-10-11,20.3,12.164586111111111,Spring
2018-10-12,22.6,12.238625,Spring
2018-10-13,24.8,12.231308333333333,Spring
2018-10-14,25.9,11.333252777777778,Spring
2018-10-15,27.4,10.231883333333332,Spring
2018-10-16,24.1,4.115875,Spring
2018-10-17,21.2,11.422772222222223,Spring
2018-10-18,20.5,2.862658333333333,Spring
2018-10-19,26.7,11.03443888888889,Spring
2018-10-20,21.5,5.123258333333333,Spring
2018-10-21,18.4,12.657583333333335,Spring
2018-10-22,25.2,12.911083333333334,Spring
2018-10-23,18.2,7.382158333333334,Spring
2018-10-24,16.4,11.256797222222222,Spring
2018-10-25,20.2,12.765494444444444,Spring
2018-10-26,17.9,11.596358333333333,Spring
2018-10-27,19.5,10.649766666666668,Spring
2018-10-28,15.7,12.954122222222221,Spring
2018-10-29,17.9,12.962275,Spring
2018-10-30,24.8,13.138100000000001,Spring
2018-10-31,20.0,7.883080555555556,Spring
2018-11-01,32.4,9.035127777777777,Spring
2018-11-02,30.1,10.526741666666666,Spring
2018-11-03,20.0,11.338172222222221,Spring
2018-11-04,23.4,12.747852777777776,Spring
2018-11-05,28.0,10.144883333333334,Spring
2018-11-06,21.3,6.676747222222223,Spring
2018-11-07,15.2,13.737341666666667,Spring
2018-11-08,16.4,12.472747222222223,Spring
2018-11-09,18.6,10.578622222222222,Spring
2018-11-10,19.9,13.839125,Spring
2018-11-11,19.8,13.860658333333333,Spring
2018-11-12,28.9,12.265686111111112,Spring
2018-11-13,30.0,7.486802777777778,Spring
2018-11-14,19.2,4.217819444444444,Spring
2018-11-15,17.3,13.5802,Spring
2018-11-16,18.7,13.928341666666666,Spring
2018-11-17,18.8,13.940305555555556,Spring
2018-11-18,26.9,13.828491666666666,Spring
2018-11-19,30.5,13.134688888888888,Spring
2018-11-20,26.5,1.7422944444444446,Spring
2018-11-21,21.3,12.733508333333333,Spring
2018-11-22,15.6,13.327558333333332,Spring
2018-11-23,14.0,0.7714611111111112,Spring
2018-11-24,16.1,5.731097222222222,Spring
2018-11-25,18.0,11.331980555555555,Spring
2018-11-26,18.1,13.515219444444444,Spring
2018-11-27,19.6,9.248444444444445,Spring
2018-11-28,20.0,14.0,Spring
2018-11-29,18.6,8.177477777777778,Spring
2018-11-30,21.0,12.70866388888889,Spring
2018-12-01,30.4,13.119102777777776,Summer
2018-12-02,20.0,9.18368611111111,Summer
2018-12-03,22.4,8.439880555555556,Summer
2018-12-04,19.4,9.597330555555555,Summer
2018-12-05,23.5,14.061433333333333,Summer
2018-12-06,34.0,14.054383333333334,Summer
2018-12-07,38.3,12.110197222222222,Summer
2018-12-08,30.2,7.422383333333334,Summer
2018-12-09,23.0,8.721083333333334,Summer
2018-12-10,20.9,13.677866666666667,Summer
2018-12-11,24.2,14.113661111111112,Summer
2018-12-12,32.7,13.798499999999999,Summer
2018-12-13,22.5,6.821713888888889,Summer
2018-12-14,21.5,3.666116666666667,Summer
2018-12-15,24.0,9.0,Summer
2018-12-16,23.3,12.380930555555555,Summer
2018-12-17,21.0,13.671019444444443,Summer
2018-12-18,21.2,6.613663888888889,Summer
2018-12-19,27.7,9.715222222222224,Summer
2018-12-20,20.5,10.063611111111111,Summer
2018-12-21,21.1,9.67798611111111,Summer
2018-12-22,18.2,14.147511111111111,Summer
2018-12-23,23.2,14.40966388888889,Summer
2018-12-24,32.2,14.469205555555556,Summer
2018-12-25,24.9,14.291755555555556,Summer
2018-12-26,24.6,14.369852777777778,Summer
2018-12-27,36.1,13.848797222222222,Summer
2018-12-28,35.6,10.940827777777779,Summer
2018-12-29,22.4,0.3643555555555556,Summer
2018-12-30,22.8,7.29875,Summer
2018-12-31,24.4,14.027677777777777,Summer
2019-01-01,25.5,14.378286111111112,Summer
2019-01-02,22.4,10.73811111111111,Summer
2019-01-03,27.9,13.250080555555556,Summer
2019-01-04,43.9,13.970066666666666,Summer
2019-01-05,19.8,7.4228000000000005,Summer
2019-01-06,22.0,13.939441666666665,Summer
2019-01-07,24.9,12.868941666666668,Summer
2019-01-08,24.9,13.234444444444444,Summer
2019-01-09,20.6,13.121166666666666,Summer
2019-01-10,21.8,13.989116666666666,Summer
2019-01-11,30.7,13.816541666666668,Summer
2019-01-12,25.2,13.645041666666668,Summer
2019-01-13,30.0,14.10057222222222,Summer
2019-01-14,33.6,14.019011111111112,Summer
2019-01-15,33.7,13.308427777777776,Summer
2019-01-16,30.1,10.700486111111111,Summer
2019-01-17,36.0,3.119463888888889,Summer
2019-01-18,30.1,5.452038888888889,Summer
2019-01-19,23.2,13.619808333333333,Summer
2019-01-20,24.6,11.743402777777778,Summer
2019-01-21,27.7,12.296797222222223,Summer
2019-01-22,30.0,11.468427777777777,Summer
2019-01-23,24.8,10.558627777777778,Summer
2019-01-24,40.6,12.712041666666666,Summer
2019-01-25,44.5,13.099269444444445,Summer
2019-01-26,26.6,12.048402777777778,Summer
2019-01-27,27.1,10.898655555555557,Summer
2019-01-28,34.5,13.204022222222223,Summer
2019-01-29,36.3,13.17120277777778,Summer
2019-01-30,39.4,12.187708333333333,Summer
2019-01-31,21.9,12.99496388888889,Summer
2019-02-01,24.2,13.102833333333333,Summer
2019-02-02,36.2,13.023494444444445,Summer
2019-02-03,36.7,12.744113888888888,Summer
2019-02-04,22.7,10.451430555555556,Summer
2019-02-05,25.4,10.596305555555555,Summer
2019-02-06,33.7,11.388016666666667,Summer
2019-02-07,28.6,12.997208333333333,Summer
2019-02-08,22.7,11.346944444444444,Summer
2019-02-09,19.7,10.025291666666668,Summer
2019-02-10,24.0,13.0,Summer
2019-02-11,27.5,8.794155555555555,Summer
2019-02-12,21.6,9.0,Summer
2019-02-13,18.9,11.417652777777779,Summer
2019-02-14,23.9,13.0,Summer
2019-02-15,23.6,9.299050000000001,Summer
2019-02-16,25.9,9.759427777777779,Summer
2019-02-17,28.9,10.840225,Summer
2019-02-18,23.2,7.835544444444444,Summer
2019-02-19,20.5,13.0,Summer
2019-02-20,23.5,13.0,Summer
2019-02-21,20.4,13.0,Summer
2019-02-22,22.4,12.983219444444444,Summer
2019-02-23,24.0,12.748272222222221,Summer
2019-02-24,33.9,12.948069444444446,Summer
2019-02-25,34.9,12.930663888888889,Summer
2019-02-26,23.6,12.913377777777779,Summer
2019-02-27,29.5,12.883819444444445,Summer
2019-02-28,37.3,12.700847222222222,Summer
2019-03-01,37.2,12.804894444444445,Autumn
2019-03-02,36.8,12.765022222222223,Autumn
2019-03-03,38.0,10.041513888888888,Autumn
2019-03-04,27.5,12.268908333333334,Autumn
2019-03-05,24.6,11.85118611111111,Autumn
2019-03-06,18.1,12.489008333333333,Autumn
2019-03-07,23.1,11.929486111111112,Autumn
2019-03-08,25.8,3.7938666666666667,Autumn
2019-03-09,25.1,11.16186111111111,Autumn
2019-03-10,27.7,7.835841666666666,Autumn
2019-03-11,23.0,9.552872222222222,Autumn
2019-03-12,19.4,7.406975,Autumn
2019-03-13,18.5,6.448083333333333,Autumn
2019-03-14,22.0,12.026891666666666,Autumn
2019-03-15,22.6,12.15875,Autumn
2019-03-16,28.2,11.452675,Autumn
2019-03-17,26.4,11.553611111111111,Autumn
2019-03-18,28.1,11.493191666666666,Autumn
2019-03-19,24.0,6.011566666666667,Autumn
2019-03-20,25.5,9.421727777777779,Autumn
2019-03-21,26.2,6.28425,Autumn
2019-03-22,30.9,10.488961111111111,Autumn
2019-03-23,30.0,6.360991666666666,Autumn
2019-03-24,30.1,10.416077777777778,Autumn
2019-03-25,20.5,11.084352777777777,Autumn
2019-03-26,20.8,10.272802777777777,Autumn
2019-03-27,22.1,11.012336111111113,Autumn
2019-03-28,27.8,11.107797222222223,Autumn
2019-03-29,28.4,8.017497222222223,Autumn
2019-03-30,15.4,11.0,Autumn
2019-03-31,17.6,1.2957444444444446,Autumn
2019-04-01,18.4,6.695088888888889,Autumn
2019-04-02,25.2,11.0,Autumn
2019-04-03,25.0,8.775136111111111,Autumn
2019-04-04,23.8,11.0,Autumn
2019-04-05,28.0,10.076919444444446,Autumn
2019-04-06,24.1,9.544177777777778,Autumn
2019-04-07,26.1,10.0,Autumn
2019-04-08,22.5,8.252766666666666,Autumn
2019-04-09,16.2,9.803272222222223,Autumn
2019-04-10,16.4,7.533622222222222,Autumn
2019-04-11,18.2,10.927722222222224,Autumn
2019-04-12,25.0,10.904074999999999,Autumn
2019-04-13,20.6,7.0054638888888885,Autumn
2019-04-14,23.2,10.856927777777779,Autumn
2019-04-15,26.9,10.0012,Autumn
2019-04-16,29.4,10.810138888888888,Autumn
2019-04-17,30.2,9.039155555555554,Autumn
2019-04-18,18.4,9.0,Autumn
2019-04-19,22.6,10.302769444444445,Autumn
2019-04-20,29.8,10.718416666666668,Autumn
2019-04-21,27.5,5.260041666666667,Autumn
2019-04-22,17.6,2.586138888888889,Autumn
2019-04-23,19.0,9.19245,Autumn
2019-04-24,21.3,7.351897222222223,Autumn
2019-04-25,20.4,10.54655,Autumn
2019-04-26,15.2,7.582747222222222,Autumn
2019-04-27,15.9,4.698677777777778,Autumn
2019-04-28,16.3,3.465058333333333,Autumn
2019-04-29,17.4,10.282405555555556,Autumn
2019-04-30,22.2,10.020305555555556,Autumn
2019-05-01,21.3,7.708275,Autumn
2019-05-02,21.1,3.3523194444444444,Autumn
2019-05-03,19.5,9.918869444444445,Autumn
2019-05-04,14.8,9.24751111111111,Autumn
2019-05-05,15.8,8.639444444444445,Autumn
2019-05-06,15.5,9.413416666666668,Autumn
2019-05-07,17.6,9.896319444444444,Autumn
2019-05-08,15.6,9.125927777777777,Autumn
2019-05-09,15.6,6.355791666666666,Autumn
2019-05-10,13.6,5.5622,Autumn
2019-05-11,15.8,6.980377777777778,Autumn
2019-05-12,16.6,8.629033333333334,Autumn
2019-05-13,17.4,8.14761388888889,Autumn
2019-05-14,19.5,9.721158333333333,Autumn
2019-05-15,16.4,8.359411111111111,Autumn
2019-05-16,15.9,9.692561111111111,Autumn
2019-05-17,18.5,9.678527777777777,Autumn
2019-05-18,19.4,9.664691666666666,Autumn
2019-05-19,20.0,8.573986111111111,Autumn
2019-05-20,18.0,3.864838888888889,Autumn
2019-05-21,18.8,7.295011111111111,Autumn
2019-05-22,20.9,9.60716388888889,Autumn
2019-05-23,20.0,9.524194444444444,Autumn
2019-05-24,18.1,4.0,Autumn
2019-05-25,19.6,9.173375,Autumn
2019-05-26,14.5,6.688297222222222,Autumn
2019-05-27,12.1,8.187927777777778,Autumn
2019-05-28,14.1,4.242219444444444,Autumn
2019-05-29,10.2,8.812741666666666,Autumn
2019-05-30,11.9,5.498286111111112,Autumn
2019-05-31,13.1,2.5396333333333336,Autumn
2019-06-01,14.4,7.0,Winter
2019-06-02,14.9,7.317775,Winter
2019-06-03,11.2,3.911311111111111,Winter
2019-06-04,11.6,7.7998666666666665,Winter
2019-06-05,12.3,6.286838888888888,Winter
2019-06-06,14.4,4.712944444444444,Winter
2019-06-07,15.9,9.0,Winter
2019-06-08,16.6,9.0,Winter
2019-06-09,16.1,7.560683333333333,Winter
2019-06-10,17.4,7.0,Winter
2019-06-11,17.1,9.087441666666667,Winter
2019-06-12,15.6,0.03230555555555555,Winter
2019-06-13,15.9,9.09543888888889,Winter
2019-06-14,15.9,8.0,Winter
2019-06-15,14.9,9.0,Winter
2019-06-16,15.8,8.770505555555555,Winter
2019-06-17,16.0,9.014986111111112,Winter
2019-06-18,12.2,4.912266666666667,Winter
2019-06-19,10.8,9.0,Winter
2019-06-20,10.2,6.641822222222222,Winter
2019-06-21,11.5,9.0,Winter
2019-06-22,10.9,9.0,Winter
2019-06-23,11.4,9.0,Winter
2019-06-24,13.3,8.524652777777778,Winter
2019-06-25,15.8,9.0,Winter
2019-06-26,16.5,9.032055555555557,Winter
2019-06-27,15.8,9.032586111111112,Winter
2019-06-28,17.5,9.032794444444445,Winter
2019-06-29,15.6,5.974541666666666,Winter
2019-06-30,13.8,8.0,Winter
2019-07-01,13.4,7.177311111111111,Winter
2019-07-02,15.6,7.242536111111112,Winter
2019-07-03,13.7,9.0,Winter
2019-07-04,11.4,6.333955555555556,Winter
2019-07-05,15.6,9.0,Winter
2019-07-06,17.7,9.0,Winter
2019-07-07,17.1,5.858969444444445,Winter
2019-07-08,15.0,9.021130555555555,Winter
2019-07-09,14.0,9.0,Winter
2019-07-10,14.1,5.298397222222222,Winter
2019-07-11,13.3,4.641794444444444,Winter
2019-07-12,14.1,3.88175,Winter
2019-07-13,10.5,8.371027777777778,Winter
2019-07-14,12.5,1.1512222222222221,Winter
2019-07-15,13.7,5.535975,Winter
2019-07-16,13.8,2.8776166666666665,Winter
2019-07-17,13.3,3.5471194444444443,Winter
2019-07-18,14.1,7.614183333333334,Winter
2019-07-19,14.1,9.0,Winter
2019-07-20,15.8,9.0,Winter
2019-07-21,14.8,7.0,Winter
2019-07-22,15.2,9.158697222222221,Winter
2019-07-23,13.9,7.669508333333333,Winter
2019-07-24,13.9,4.040147222222222,Winter
2019-07-25,15.6,5.704091666666667,Winter
2019-07-26,15.1,3.293075,Winter
2019-07-27,14.1,6.259283333333332,Winter
2019-07-28,14.2,8.246483333333334,Winter
2019-07-29,14.1,7.217502777777777,Winter
2019-07-30,11.5,8.423663888888889,Winter
2019-07-31,12.1,9.383497222222221,Winter
2019-08-01,13.1,7.8811,Winter
2019-08-02,12.9,6.737927777777778,Winter
2019-08-03,13.8,4.852088888888889,Winter
2019-08-04,12.8,6.311258333333333,Winter
2019-08-05,15.0,8.457386111111111,Winter
2019-08-06,12.6,2.148972222222222,Winter
2019-08-07,13.1,7.002261111111111,Winter
2019-08-08,11.5,8.091944444444444,Winter
2019-08-09,8.8,5.335497222222222,Winter
2019-08-10,10.4,7.897075,Winter
2019-08-11,11.2,9.42135,Winter
2019-08-12,11.9,8.840283333333334,Winter
2019-08-13,12.4,0.47625,Winter
2019-08-14,14.6,6.763533333333334,Winter
2019-08-15,15.0,6.829241666666666,Winter
2019-08-16,15.6,5.817252777777778,Winter
2019-08-17,14.9,10.564241666666666,Winter
2019-08-18,16.5,6.893019444444445,Winter
2019-08-19,11.4,10.490719444444444,Winter
2019-08-20,14.6,2.884702777777778,Winter
2019-08-21,15.2,8.527491666666666,Winter
2019-08-22,11.9,10.257908333333333,Winter
2019-08-23,14.5,10.778002777777777,Winter
2019-08-24,16.6,10.615280555555556,Winter
2019-08-25,12.5,9.568272222222221,Winter
2019-08-26,13.4,10.765297222222221,Winter
2019-08-27,14.6,10.834283333333333,Winter
2019-08-28,13.9,4.0,Winter
2019-08-29,12.4,10.862255555555556,Winter
2019-08-30,13.5,10.270124999999998,Winter
2019-08-31,16.9,10.890194444444443,Winter
2019-09-01,18.0,4.0,Spring
2019-09-02,17.4,8.589355555555557,Spring
2019-09-03,19.6,10.932038888888888,Spring
2019-09-04,18.2,10.36806111111111,Spring
2019-09-05,19.5,10.758672222222222,Spring
2019-09-06,15.4,7.917233333333334,Spring
2019-09-07,12.5,9.270758333333335,Spring
2019-09-08,14.4,5.0,Spring
2019-09-09,11.9,11.0,Spring
2019-09-10,14.1,10.884944444444445,Spring
2019-09-11,19.1,11.173352777777778,Spring
2019-09-12,19.3,9.0,Spring
2019-09-13,17.6,8.162783333333334,Spring
2019-09-14,18.3,11.215172222222224,Spring
2019-09-15,20.4,7.916172222222222,Spring
2019-09-16,13.5,10.34535,Spring
2019-09-17,13.1,11.419297222222223,Spring
2019-09-18,18.6,11.487152777777778,Spring
2019-09-19,21.9,11.67072777777778,Spring
2019-09-20,24.5,11.379816666666665,Spring
2019-09-21,21.0,7.8859611111111105,Spring
2019-09-22,14.2,9.06048611111111,Spring
2019-09-23,14.1,10.855055555555555,Spring
2019-09-24,14.2,8.780161111111111,Spring
2019-09-25,14.9,11.587269444444445,Spring
2019-09-26,18.8,9.0,Spring
2019-09-27,19.1,6.302672222222222,Spring
2019-09-28,13.6,11.517058333333335,Spring
2019-09-29,15.2,11.276066666666665,Spring
2019-09-30,13.8,10.485347222222222,Spring
2019-10-01,20.4,11.98375,Spring
2019-10-02,24.9,12.0,Spring
2019-10-03,27.1,12.0,Spring
2019-10-04,15.3,5.93711111111111,Spring
2019-10-05,20.7,10.344197222222222,Spring
2019-10-06,23.8,7.716297222222222,Spring
2019-10-07,15.5,10.886647222222223,Spring
2019-10-08,13.4,12.0,Spring
2019-10-09,14.1,8.810902777777779,Spring
2019-10-10,14.0,6.347480555555555,Spring
2019-10-11,17.4,12.085044444444446,Spring
2019-10-12,19.1,12.158963888888888,Spring
2019-10-13,21.0,10.895847222222223,Spring
2019-10-14,24.8,12.144130555555556,Spring
2019-10-15,17.3,9.252291666666666,Spring
2019-10-16,19.4,7.137388888888888,Spring
2019-10-17,15.1,11.203597222222221,Spring
2019-10-18,19.5,12.243594444444446,Spring
2019-10-19,15.3,12.307086111111111,Spring
2019-10-20,16.6,9.561105555555557,Spring
2019-10-21,16.1,12.640699999999999,Spring
2019-10-22,19.1,11.74028888888889,Spring
2019-10-23,27.6,12.914872222222222,Spring
2019-10-24,31.5,13.004449999999999,Spring
2019-10-25,24.9,8.934438888888888,Spring
2019-10-26,14.9,13.185366666666667,Spring
2019-10-27,17.0,7.03043888888889,Spring
2019-10-28,20.1,12.952094444444445,Spring
2019-10-29,29.1,13.406958333333334,Spring
2019-10-30,25.6,13.21995,Spring
2019-10-31,32.5,13.480463888888888,Spring
2019-11-01,33.8,11.752172222222223,Spring
2019-11-02,25.1,3.0889,Spring
2019-11-03,20.2,4.240297222222222,Spring
2019-11-04,15.8,8.558008333333333,Spring
2019-11-05,17.8,13.581194444444446,Spring
2019-11-06,22.2,9.778969444444444,Spring
2019-11-07,16.1,4.971922222222222,Spring
2019-11-08,13.6,13.765324999999999,Spring
2019-11-09,13.6,3.73675,Spring
2019-11-10,16.8,2.531847222222222,Spring
2019-11-11,26.9,13.85873611111111,Spring
2019-11-12,23.0,12.0,Spring
2019-11-13,16.0,4.151625,Spring
2019-11-14,21.0,7.110702777777777,Spring
2019-11-15,18.1,4.903111111111111,Spring
2019-11-16,17.1,10.00912222222222,Spring
2019-11-17,15.4,13.829649999999999,Spring
2019-11-18,26.0,13.948197222222223,Spring
2019-11-19,18.6,13.958936111111111,Spring
2019-11-20,32.9,13.969197222222222,Spring
2019-11-21,41.0,12.236172222222223,Spring
2019-11-22,19.5,12.407597222222222,Spring
2019-11-23,25.0,13.99702777777778,Spring
2019-11-24,22.5,13.631219444444444,Spring
2019-11-25,28.8,8.013202777777778,Spring
2019-11-26,15.0,9.774516666666667,Spring
2019-11-27,24.4,14.0,Spring
2019-11-28,21.8,14.0,Spring
2019-11-29,20.7,11.0,Spring
2019-11-30,17.5,14.0,Spring
2019-12-01,15.6,0.7684138888888888,Summer
2019-12-02,14.6,9.234766666666667,Summer
2019-12-03,20.7,8.158783333333332,Summer
2019-12-04,22.5,10.963288888888888,Summer
2019-12-05,23.2,12.845033333333333,Summer
2019-12-06,19.5,7.576516666666667,Summer
2019-12-07,22.4,14.050541666666666,Summer
2019-12-08,24.6,12.0,Summer
2019-12-09,38.6,14.0,Summer
2019-12-10,16.7,9.368605555555556,Summer
2019-12-11,19.4,11.675027777777778,Summer
2019-12-12,17.6,9.002186111111111,Summer
2019-12-13,21.6,11.437502777777778,Summer
2019-12-14,20.9,6.296897222222222,Summer
2019-12-15,21.7,8.6366,Summer
2019-12-16,22.0,14.177261111111111,Summer
2019-12-17,30.3,14.080208333333333,Summer
2019-12-18,40.4,14.166638888888889,Summer
2019-12-19,23.8,14.344983333333333,Summer
2019-12-20,43.7,14.156894444444445,Summer
2019-12-21,27.4,13.94555,Summer
2019-12-22,20.4,14.28003611111111,Summer
2019-12-23,21.6,13.046983333333333,Summer
2019-12-24,23.9,14.034905555555557,Summer
2019-12-25,30.1,14.388988888888889,Summer
2019-12-26,21.4,11.394747222222222,Summer
2019-12-27,27.8,14.290455555555555,Summer
2019-12-28,33.2,8.389838888888889,Summer
2019-12-29,33.5,14.244302777777778,Summer
2019-12-30,42.3,11.040972222222223,Summer
2019-12-31,21.1,12.955272222222224,Summer
2020-01-01,25.5,14.473491666666666,Summer
2020-01-02,25.5,14.457936111111112,Summer
2020-01-03,34.9,14.44215,Summer
2020-01-04,26.8,14.426169444444444,Summer
2020-01-05,16.5,0.17208888888888887,Summer
2020-01-06,19.0,2.199736111111111,Summer
2020-01-07,21.5,9.050497222222223,Summer
2020-01-08,24.0,12.370336111111111,Summer
2020-01-09,32.7,13.111836111111112,Summer
2020-01-10,35.4,6.10211111111111,Summer
2020-01-11,17.8,7.9653888888888895,Summer
2020-01-12,20.1,11.583869444444444,Summer
2020-01-13,31.5,13.829711111111111,Summer
2020-01-14,31.8,13.927033333333334,Summer
2020-01-15,34.7,11.915236111111112,Summer
2020-01-16,18.9,6.077830555555555,Summer
2020-01-17,24.0,11.993391666666666,Summer
2020-01-18,28.4,12.584391666666667,Summer
2020-01-19,28.1,10.946344444444444,Summer
2020-01-20,21.5,4.636488888888889,Summer
2020-01-21,22.0,11.333494444444446,Summer
2020-01-22,32.0,10.237072222222222,Summer
2020-01-23,20.9,8.817394444444444,Summer
2020-01-24,22.4,10.510830555555556,Summer
2020-01-25,26.0,13.160358333333333,Summer
2020-01-26,24.6,12.806027777777777,Summer
2020-01-27,22.8,12.058924999999999,Summer
2020-01-28,23.8,12.587083333333334,Summer
2020-01-29,29.2,12.256508333333333,Summer
2020-01-30,38.1,13.316297222222222,Summer
2020-01-31,42.5,12.008513888888888,Summer
2020-02-01,26.8,0.0,Summer
2020-02-02,23.8,10.862222222222222,Summer
2020-02-03,16.9,10.513547222222222,Summer
2020-02-04,19.5,11.680294444444444,Summer
2020-02-05,21.2,13.042033333333332,Summer
2020-02-06,26.0,13.0,Summer
2020-02-07,25.5,12.6562,Summer
2020-02-08,30.0,13.0,Summer
2020-02-09,29.5,11.360652777777778,Summer
2020-02-10,27.7,1.5033888888888889,Summer
2020-02-11,25.6,10.040091666666667,Summer
2020-02-12,26.9,6.1147638888888896,Summer
2020-02-13,31.1,13.0,Summer
2020-02-14,32.5,11.074552777777777,Summer
2020-02-15,19.8,0.0,Summer
2020-02-16,23.8,13.0,Summer
2020-02-17,26.5,12.865066666666666,Summer
2020-02-18,21.4,7.9321777777777775,Summer
2020-02-19,19.1,10.486066666666666,Summer
2020-02-20,17.7,3.668227777777778,Summer
2020-02-21,18.4,10.615441666666666,Summer
2020-02-22,21.0,12.987177777777777,Summer
2020-02-23,32.2,12.969697222222223,Summer
2020-02-24,25.6,6.714519444444445,Summer
2020-02-25,30.3,12.935055555555556,Summer
2020-02-26,18.8,10.759794444444445,Summer
2020-02-27,19.9,11.099591666666667,Summer
2020-02-28,20.0,9.145972222222222,Summer
2020-02-29,22.2,11.681125000000002,Summer
2020-03-01,31.6,10.782302777777778,Autumn
2020-03-02,17.9,11.850105555555555,Autumn
2020-03-03,19.6,11.877044444444445,Autumn
2020-03-04,21.6,3.055763888888889,Autumn
2020-03-05,20.5,2.1478361111111113,Autumn
2020-03-06,18.2,7.551652777777778,Autumn
2020-03-07,19.1,11.07331111111111,Autumn
2020-03-08,21.5,12.131041666666667,Autumn
2020-03-09,20.2,12.447555555555555,Autumn
2020-03-10,21.4,12.406716666666666,Autumn
2020-03-11,28.7,12.313972222222223,Autumn
2020-03-12,27.9,12.32538888888889,Autumn
2020-03-13,27.1,8.64226388888889,Autumn
2020-03-14,16.6,4.984163888888889,Autumn
2020-03-15,18.7,9.774838888888889,Autumn
2020-03-16,25.0,12.112244444444444,Autumn
2020-03-17,26.6,11.58988611111111,Autumn
2020-03-18,28.8,6.074686111111111,Autumn
2020-03-19,32.0,8.659,Autumn
2020-03-20,21.9,7.271158333333333,Autumn
2020-03-21,18.0,8.08705,Autumn
2020-03-22,17.7,9.975280555555557,Autumn
2020-03-23,17.5,9.50816388888889,Autumn
2020-03-24,18.5,9.595066666666666,Autumn
2020-03-25,17.5,8.5336,Autumn
2020-03-26,21.0,11.008186111111112,Autumn
2020-03-27,26.8,11.0,Autumn
2020-03-28,27.0,11.032736111111111,Autumn
2020-03-29,25.8,5.513022222222222,Autumn
2020-03-30,22.0,11.0,Autumn
2020-03-31,20.6,11.0,Autumn
2020-04-01,24.3,9.284141666666669,Autumn
2020-04-02,21.4,5.2726,Autumn
2020-04-03,22.4,9.029816666666667,Autumn
2020-04-04,16.0,7.2440694444444444,Autumn
2020-04-05,16.5,2.391036111111111,Autumn
2020-04-06,15.7,8.587652777777777,Autumn
2020-04-07,15.5,1.070561111111111,Autumn
2020-04-08,18.2,8.807936111111111,Autumn
2020-04-09,20.5,10.957819444444445,Autumn
2020-04-10,21.2,10.092230555555556,Autumn
2020-04-11,18.1,10.876016666666668,Autumn
2020-04-12,14.1,1.9933444444444444,Autumn
2020-04-13,18.1,10.861513888888888,Autumn
2020-04-14,22.0,8.0,Autumn
2020-04-15,23.8,7.485894444444445,Autumn
2020-04-16,20.5,9.840311111111111,Autumn
2020-04-17,18.1,8.520472222222223,Autumn
2020-04-18,16.0,7.577872222222222,Autumn
2020-04-19,17.8,9.522188888888888,Autumn
2020-04-20,19.8,7.156275,Autumn
2020-04-21,18.7,9.132438888888888,Autumn
2020-04-22,17.0,8.775175,Autumn
2020-04-23,20.3,7.465669444444444,Autumn
2020-04-24,20.4,10.461202777777778,Autumn
2020-04-25,20.4,9.741097222222221,Autumn
2020-04-26,16.9,8.845722222222221,Autumn
2020-04-27,16.6,10.372277777777777,Autumn
2020-04-28,18.8,7.9834499999999995,Autumn
2020-04-29,19.0,4.661302777777777,Autumn
2020-04-30,13.9,8.860783333333334,Autumn
2020-05-01,11.7,4.682652777777777,Autumn
2020-05-02,12.8,9.026580555555554,Autumn
2020-05-03,13.9,7.981588888888889,Autumn
2020-05-04,13.6,1.1754583333333333,Autumn
2020-05-05,18.5,9.060205555555555,Autumn
2020-05-06,18.5,7.902263888888889,Autumn
2020-05-07,19.5,4.529283333333334,Autumn
2020-05-08,18.6,9.798505555555556,Autumn
2020-05-09,13.7,3.2956083333333335,Autumn
2020-05-10,13.7,9.362416666666666,Autumn
2020-05-11,16.1,7.201747222222222,Autumn
2020-05-12,15.2,6.5471916666666665,Autumn
2020-05-13,13.3,7.0,Autumn
2020-05-14,13.4,7.565677777777777,Autumn
2020-05-15,14.1,9.697419444444444,Autumn
2020-05-16,16.5,9.683277777777779,Autumn
2020-05-17,15.9,9.669163888888889,Autumn
2020-05-18,17.8,9.655108333333333,Autumn
2020-05-19,17.2,7.788847222222222,Autumn
2020-05-20,14.7,9.232524999999999,Autumn
2020-05-21,12.6,4.0,Autumn
2020-05-22,12.6,8.698016666666668,Autumn
2020-05-23,12.9,5.532572222222222,Autumn
2020-05-24,12.4,4.588219444444444,Autumn
2020-05-25,14.2,8.818416666666666,Autumn
2020-05-26,16.7,9.094697222222223,Autumn
2020-05-27,14.9,4.130691666666666,Autumn
2020-05-28,16.0,9.016,Autumn
2020-05-29,15.8,9.20755,Autumn
2020-05-30,15.9,9.306816666666666,Autumn
2020-05-31,16.6,7.041772222222223,Autumn
2020-06-01,11.4,0.0,Winter
2020-06-02,13.8,2.3026388888888887,Winter
2020-06-03,12.3,6.771191666666667,Winter
2020-06-04,12.9,9.0,Winter
2020-06-05,13.3,9.062388888888888,Winter
2020-06-06,12.4,2.8946583333333336,Winter
2020-06-07,11.4,6.347477777777777,Winter
2020-06-08,11.8,9.0,Winter
2020-06-09,13.5,9.081994444444444,Winter
2020-06-10,15.8,9.086480555555555,Winter
2020-06-11,14.1,7.519111111111111,Winter
2020-06-12,14.4,9.000872222222222,Winter
2020-06-13,14.4,2.004722222222222,Winter
2020-06-14,14.4,7.40583611111111,Winter
2020-06-15,16.7,7.1904055555555555,Winter
2020-06-16,15.9,4.003213888888888,Winter
2020-06-17,13.1,8.37463611111111,Winter
2020-06-18,15.1,9.0,Winter
2020-06-19,17.0,9.0,Winter
2020-06-20,16.1,9.0,Winter
2020-06-21,11.6,3.1015083333333333,Winter
2020-06-22,11.9,7.1032416666666665,Winter
2020-06-23,13.6,9.0,Winter
2020-06-24,14.8,7.566636111111111,Winter
2020-06-25,15.1,5.0711055555555555,Winter
2020-06-26,13.0,9.0,Winter
2020-06-27,12.2,6.897297222222222,Winter
2020-06-28,11.2,8.011416666666666,Winter
2020-06-29,14.3,9.0,Winter
2020-06-30,13.3,8.214502777777778,Winter
2020-07-01,15.5,9.0,Winter
2020-07-02,13.8,9.0,Winter
2020-07-03,11.2,1.9475972222222224,Winter
2020-07-04,13.1,4.9989944444444445,Winter
2020-07-05,11.6,2.549813888888889,Winter
2020-07-06,12.8,6.237591666666667,Winter
2020-07-07,11.8,4.782852777777778,Winter
2020-07-08,13.2,8.872458333333332,Winter
2020-07-09,15.1,9.016919444444444,Winter
2020-07-10,15.4,5.9213555555555555,Winter
2020-07-11,10.9,0.5282416666666667,Winter
2020-07-12,12.9,9.0,Winter
2020-07-13,14.1,9.003277777777777,Winter
2020-07-14,13.1,9.0,Winter
2020-07-15,13.8,7.229436111111111,Winter
2020-07-16,11.2,5.577730555555556,Winter
2020-07-17,12.1,4.650977777777778,Winter
2020-07-18,12.3,4.915761111111111,Winter
2020-07-19,14.2,6.378611111111111,Winter
2020-07-20,12.2,8.655269444444444,Winter
2020-07-21,12.1,2.8542305555555556,Winter
2020-07-22,12.4,5.836877777777778,Winter
2020-07-23,11.2,7.661683333333333,Winter
2020-07-24,11.4,9.125005555555555,Winter
2020-07-25,11.0,6.771608333333334,Winter
2020-07-26,12.8,5.929275,Winter
2020-07-27,13.1,4.517919444444445,Winter
2020-07-28,13.9,4.276144444444444,Winter
2020-07-29,14.2,5.292083333333333,Winter
2020-07-30,13.4,9.3877,Winter
2020-07-31,15.3,9.070908333333334,Winter
2020-08-01,15.7,9.532330555555555,Winter
2020-08-02,15.6,9.446941666666666,Winter
2020-08-03,14.1,8.600525,Winter
2020-08-04,8.9,9.635027777777777,Winter
2020-08-05,9.9,9.0,Winter
2020-08-06,11.3,8.333111111111112,Winter
2020-08-07,11.6,0.19065277777777778,Winter
2020-08-08,14.9,4.380663888888889,Winter
2020-08-09,14.1,10.125997222222221,Winter
2020-08-10,13.4,10.349225,Winter
2020-08-11,14.1,8.0,Winter
2020-08-12,14.4,6.0,Winter
2020-08-13,16.5,10.001305555555554,Winter
2020-08-14,16.6,9.809755555555556,Winter
2020-08-15,14.2,10.36558888888889,Winter
2020-08-16,13.1,5.7382583333333335,Winter
2020-08-17,14.8,8.972486111111111,Winter
2020-08-18,15.6,10.061472222222223,Winter
2020-08-19,11.0,1.0722972222222222,Winter
2020-08-20,13.5,9.1357,Winter
2020-08-21,12.1,9.985886111111112,Winter
2020-08-22,9.9,6.1795277777777775,Winter
2020-08-23,10.4,8.645227777777778,Winter
2020-08-24,11.2,9.232644444444444,Winter
2020-08-25,11.9,10.599672222222223,Winter
2020-08-26,13.6,10.029369444444445,Winter
2020-08-27,17.8,10.581913888888888,Winter
2020-08-28,15.4,10.858827777777778,Winter
2020-08-29,17.8,10.872827777777777,Winter
2020-08-30,18.5,4.812091666666666,Winter
2020-08-31,10.9,7.686333333333333,Winter
2020-09-01,14.1,10.914777777777777,Spring
2020-09-02,19.3,8.131875,Spring
2020-09-03,18.5,9.0,Spring
2020-09-04,15.8,9.22643888888889,Spring
2020-09-05,15.9,10.970641666666666,Spring
2020-09-06,18.1,10.984602777777777,Spring
2020-09-07,21.1,11.051391666666667,Spring
2020-09-08,19.9,1.3978777777777778,Spring
2020-09-09,14.4,10.110080555555555,Spring
2020-09-10,20.9,11.01455,Spring
2020-09-11,18.9,8.439344444444444,Spring
2020-09-12,16.0,0.2529472222222222,Spring
2020-09-13,16.1,10.888669444444444,Spring
2020-09-14,16.0,11.287444444444445,Spring
2020-09-15,14.9,11.193088888888889,Spring
2020-09-16,21.0,10.57697777777778,Spring
2020-09-17,13.5,1.7432944444444443,Spring
2020-09-18,18.5,7.522827777777778,Spring
2020-09-19,25.7,9.586413888888888,Spring
2020-09-20,21.9,11.717619444444445,Spring
2020-09-21,18.0,6.0,Spring
2020-09-22,17.0,11.770263888888888,Spring
2020-09-23,13.4,7.637655555555556,Spring
2020-09-24,13.2,8.24981388888889,Spring
2020-09-25,10.6,5.349819444444444,Spring
2020-09-26,12.7,10.726583333333332,Spring
2020-09-27,12.5,11.900355555555555,Spring
2020-09-28,13.2,10.901475,Spring
2020-09-29,19.1,10.738641666666666,Spring
2020-09-30,17.6,3.3946583333333336,Spring
2020-10-01,18.9,12.0,Spring
2020-10-02,24.2,12.0,Spring
2020-10-03,25.8,10.390916666666667,Spring
2020-10-04,28.1,9.216436111111111,Spring
2020-10-05,12.1,2.6560333333333332,Spring
2020-10-06,12.4,3.0568194444444443,Spring
2020-10-07,15.1,2.514875,Spring
2020-10-08,16.0,6.524216666666667,Spring
2020-10-09,15.5,6.164061111111111,Spring
2020-10-10,19.2,11.009402777777778,Spring
2020-10-11,15.4,12.079225,Spring
2020-10-12,22.9,11.635133333333334,Spring
2020-10-13,17.1,7.488641666666667,Spring
2020-10-14,21.1,9.13952777777778,Spring
2020-10-15,23.2,1.223711111111111,Spring
2020-10-16,18.0,8.602602777777777,Spring
2020-10-17,18.5,7.651758333333333,Spring
2020-10-18,13.3,8.219544444444445,Spring
2020-10-19,15.5,12.429780555555554,Spring
2020-10-20,16.1,12.522497222222222,Spring
2020-10-21,16.9,8.49001111111111,Spring
2020-10-22,18.1,12.322658333333333,Spring
2020-10-23,22.3,3.9025694444444445,Spring
2020-10-24,14.6,2.3825416666666666,Spring
2020-10-25,13.2,7.128641666666667,Spring
2020-10-26,16.8,12.370811111111111,Spring
2020-10-27,18.9,10.657013888888889,Spring
2020-10-28,19.9,11.146625,Spring
2020-10-29,22.7,12.512741666666667,Spring
2020-10-30,19.0,8.80568888888889,Spring
2020-10-31,16.3,7.323847222222222,Spring
2020-11-01,17.5,13.162650000000001,Spring
2020-11-02,27.6,12.319011111111111,Spring
2020-11-03,28.1,11.581999999999999,Spring
2020-11-04,23.2,2.6656638888888886,Spring
2020-11-05,13.9,13.689061111111112,Spring
2020-11-06,15.7,8.464425,Spring
2020-11-07,14.9,12.080672222222221,Spring
2020-11-08,19.6,13.79061111111111,Spring
2020-11-09,27.2,13.823263888888889,Spring
2020-11-10,30.3,13.854333333333333,Spring
2020-11-11,27.9,5.503494444444445,Spring
2020-11-12,24.0,13.234183333333332,Spring
2020-11-13,20.5,12.238730555555556,Spring
2020-11-14,19.1,13.38316111111111,Spring
2020-11-15,30.5,13.059572222222222,Spring
2020-11-16,28.4,13.93308611111111,Spring
2020-11-17,20.0,13.8693,Spring
2020-11-18,28.3,13.955836111111111,Spring
2020-11-19,33.3,13.966497222222221,Spring
2020-11-20,20.8,13.976666666666667,Spring
2020-11-21,26.0,7.12461111111111,Spring
2020-11-22,29.8,7.7616805555555555,Spring
2020-11-23,19.1,9.138405555555556,Spring
2020-11-24,19.2,12.0,Spring
2020-11-25,29.1,14.0,Spring
2020-11-26,18.2,12.724677777777776,Spring
2020-11-27,33.8,14.0,Spring
2020-11-28,21.6,0.7755055555555556,Spring
2020-11-29,18.6,10.107255555555556,Spring
2020-11-30,24.5,14.0,Spring
2020-12-01,26.7,6.292077777777777,Summer
2020-12-02,18.5,14.0,Summer
2020-12-03,23.1,14.0,Summer
2020-12-04,21.9,14.066358333333334,Summer
2020-12-05,26.4,6.2094000000000005,Summer
2020-12-06,19.0,12.033641666666666,Summer
2020-12-07,15.6,12.429638888888888,Summer
2020-12-08,16.6,7.916211111111111,Summer
2020-12-09,23.0,14.0,Summer
2020-12-10,17.1,11.906711111111113,Summer
2020-12-11,21.2,14.20113611111111,Summer
2020-12-12,28.2,14.0,Summer
2020-12-13,29.2,12.436205555555555,Summer
2020-12-14,32.5,14.274983333333333,Summer
2020-12-15,33.0,11.323436111111112,Summer
2020-12-16,25.4,8.626569444444446,Summer
2020-12-17,27.8,13.289177777777779,Summer
2020-12-18,18.6,13.134183333333333,Summer
2020-12-19,19.1,12.009969444444444,Summer
2020-12-20,20.0,14.429300000000001,Summer
2020-12-21,21.1,5.485655555555556,Summer
2020-12-22,19.5,10.689836111111113,Summer
2020-12-23,18.8,12.888702777777779,Summer
2020-12-24,17.5,10.291130555555556,Summer
2020-12-25,19.5,14.47172222222222,Summer
2020-12-26,25.9,14.457758333333333,Summer
2020-12-27,31.7,6.386116666666667,Summer
2020-12-28,17.1,12.901105555555556,Summer
2020-12-29,21.5,14.206033333333334,Summer
2020-12-30,21.5,13.139419444444446,Summer
2020-12-31,19.9,7.949111111111111,Summer
2021-01-01,26.6,12.482911111111113,Summer
2021-01-02,28.0,9.993622222222223,Summer
2021-01-03,24.9,11.962275,Summer
2021-01-04,17.5,0.0,Summer
2021-01-05,19.0,1.063786111111111,Summer
2021-01-06,18.1,6.647672222222222,Summer
2021-01-07,24.6,14.365391666666667,Summer
2021-01-08,24.5,14.350061111111112,Summer
2021-01-09,27.1,14.345016666666666,Summer
2021-01-10,30.9,13.339944444444445,Summer
2021-01-11,35.5,11.352055555555555,Summer
2021-01-12,20.9,12.562752777777778,Summer
2021-01-13,29.1,9.70841388888889,Summer
2021-01-14,21.2,12.724822222222222,Summer
2021-01-15,19.5,12.857627777777777,Summer
2021-01-16,18.5,7.507702777777777,Summer
2021-01-17,20.8,12.015902777777777,Summer
2021-01-18,22.8,10.763683333333335,Summer
2021-01-19,17.8,11.434141666666667,Summer
2021-01-20,23.2,13.724775000000001,Summer
2021-01-21,30.9,13.47140277777778,Summer
2021-01-22,24.5,13.0,Summer
2021-01-23,26.3,13.31995,Summer
2021-01-24,36.3,13.507375000000001,Summer
2021-01-25,39.8,7.340963888888889,Summer
2021-01-26,20.8,0.48522777777777776,Summer
2021-01-27,24.2,12.741905555555556,Summer
2021-01-28,26.6,6.960775,Summer
2021-01-29,21.7,0.0,Summer
2021-01-30,20.5,11.347763888888888,Summer
2021-01-31,20.7,11.881294444444446,Summer
2021-02-01,19.8,5.174938888888889,Summer
2021-02-02,17.5,8.839236111111111,Summer
2021-02-03,24.5,13.033375000000001,Summer
2021-02-04,29.4,9.633983333333333,Summer
2021-02-05,28.4,11.404499999999999,Summer
2021-02-06,23.5,12.939441666666665,Summer
2021-02-07,17.6,3.208841666666667,Summer
2021-02-08,18.2,7.089966666666667,Summer
2021-02-09,23.8,13.0,Summer
2021-02-10,30.3,13.0,Summer
2021-02-11,30.7,9.656983333333333,Summer
2021-02-12,23.0,8.732702777777778,Summer
2021-02-13,18.9,11.08946111111111,Summer
2021-02-14,19.8,13.0,Summer
2021-02-15,25.5,12.403966666666665,Summer
2021-02-16,29.4,12.127033333333333,Summer
2021-02-17,29.8,13.0,Summer
2021-02-18,30.9,13.0,Summer
2021-02-19,31.9,13.0,Summer
2021-02-20,27.6,11.185897222222223,Summer
2021-02-21,21.2,7.4229972222222225,Summer
2021-02-22,21.2,10.423127777777779,Summer
2021-02-23,18.5,11.553102777777777,Summer
2021-02-24,20.7,12.922638888888889,Summer
2021-02-25,25.2,12.31615,Summer
2021-02-26,18.9,8.067919444444444,Summer
2021-02-27,19.7,4.508102777777778,Summer
2021-02-28,27.2,12.823319444444444,Summer
2021-03-01,22.0,10.695177777777777,Autumn
2021-03-02,16.6,6.360605555555556,Autumn
2021-03-03,17.9,8.553791666666667,Autumn
2021-03-04,20.1,3.788152777777778,Autumn
2021-03-05,16.9,6.037277777777778,Autumn
2021-03-06,19.9,11.809455555555555,Autumn
2021-03-07,28.8,11.394955555555555,Autumn
2021-03-08,19.1,1.3340055555555557,Autumn
2021-03-09,19.4,11.781502777777778,Autumn
2021-03-10,21.5,12.250322222222223,Autumn
2021-03-11,25.4,8.594155555555556,Autumn
2021-03-12,30.6,12.107933333333333,Autumn
2021-03-13,27.8,2.709888888888889,Autumn
2021-03-14,17.1,11.824833333333334,Autumn
2021-03-15,21.0,6.826552777777778,Autumn
2021-03-16,21.4,11.23298888888889,Autumn
2021-03-17,26.7,11.805122222222224,Autumn
2021-03-18,24.6,11.422361111111112,Autumn
2021-03-19,27.1,11.442997222222223,Autumn
2021-03-20,27.4,10.309930555555555,Autumn
2021-03-21,21.2,0.04983055555555555,Autumn
2021-03-22,25.5,5.145444444444444,Autumn
2021-03-23,20.5,0.21873611111111113,Autumn
2021-03-24,19.5,1.1368944444444444,Autumn
2021-03-25,19.5,8.088155555555556,Autumn
2021-03-26,21.5,9.9698,Autumn
2021-03-27,20.1,9.0,Autumn
2021-03-28,19.4,10.975119444444445,Autumn
2021-03-29,17.5,10.443938888888889,Autumn
2021-03-30,18.8,10.46813611111111,Autumn
2021-03-31,21.7,11.0,Autumn
2021-04-01,28.3,11.061863888888888,Autumn
2021-04-02,29.6,11.0,Autumn
2021-04-03,30.5,11.0,Autumn
2021-04-04,23.5,11.00393888888889,Autumn
2021-04-05,19.2,8.224772222222223,Autumn
2021-04-06,20.0,11.0,Autumn
2021-04-07,22.9,9.209575000000001,Autumn
2021-04-08,29.0,10.986669444444445,Autumn
2021-04-09,18.1,8.587358333333334,Autumn
2021-04-10,17.2,8.074027777777777,Autumn
2021-04-11,14.3,9.646661111111111,Autumn
2021-04-12,16.0,9.082247222222222,Autumn
2021-04-13,18.4,6.959266666666667,Autumn
2021-04-14,21.4,9.842286111111113,Autumn
2021-04-15,19.5,6.098280555555556,Autumn
2021-04-16,15.4,8.493044444444445,Autumn
2021-04-17,17.4,9.398591666666666,Autumn
2021-04-18,18.5,6.553219444444444,Autumn
2021-04-19,19.8,7.834622222222222,Autumn
2021-04-20,18.3,4.979644444444445,Autumn
2021-04-21,14.9,9.648494444444445,Autumn
2021-04-22,17.0,8.17618888888889,Autumn
2021-04-23,16.4,7.877916666666667,Autumn
2021-04-24,18.0,7.538147222222222,Autumn
2021-04-25,17.5,9.900038888888888,Autumn
2021-04-26,17.7,8.094833333333334,Autumn
2021-04-27,16.3,8.633694444444444,Autumn
2021-04-28,16.5,8.452019444444444,Autumn
2021-04-29,19.5,10.193866666666667,Autumn
2021-04-30,23.4,10.27571388888889,Autumn
2021-05-01,23.8,9.317994444444444,Autumn
2021-05-02,24.1,9.921436111111111,Autumn
2021-05-03,17.6,8.03336111111111,Autumn
2021-05-04,14.2,2.1480944444444448,Autumn
2021-05-05,15.9,9.90556111111111,Autumn
2021-05-06,19.7,9.899994444444445,Autumn
2021-05-07,20.5,8.510658333333334,Autumn
2021-05-08,19.1,9.802888888888889,Autumn
2021-05-09,19.5,9.788291666666666,Autumn
2021-05-10,16.1,0.5556166666666666,Autumn
2021-05-11,15.2,6.728033333333332,Autumn
2021-05-12,16.6,9.744372222222221,Autumn
2021-05-13,16.5,5.6208583333333335,Autumn
2021-05-14,13.6,9.630352777777777,Autumn
2021-05-15,11.8,9.0,Autumn
2021-05-16,14.6,4.351619444444444,Autumn
2021-05-17,14.6,9.204322222222222,Autumn
2021-05-18,15.8,5.732338888888888,Autumn
2021-05-19,17.4,9.643588888888889,Autumn
2021-05-20,16.9,3.3277111111111113,Autumn
2021-05-21,16.3,9.421425,Autumn
2021-05-22,17.6,9.602405555555556,Autumn
2021-05-23,19.0,9.589097222222222,Autumn
2021-05-24,18.9,7.3686444444444446,Autumn
2021-05-25,19.4,5.421597222222222,Autumn
2021-05-26,14.2,9.18488611111111,Autumn
2021-05-27,14.4,9.099580555555557,Autumn
2021-05-28,12.8,8.392558333333334,Autumn
2021-05-29,12.4,7.7539444444444445,Autumn
2021-05-30,12.8,9.211541666666667,Autumn
2021-05-31,14.8,9.40351388888889,Autumn
2021-06-01,15.3,6.196797222222223,Winter
2021-06-02,17.9,7.821163888888888,Winter
2021-06-03,16.4,9.0,Winter
2021-06-04,12.6,8.030958333333334,Winter
2021-06-05,12.4,5.573833333333333,Winter
2021-06-06,14.6,8.282736111111111,Winter
2021-06-07,15.7,8.691347222222221,Winter
2021-06-08,12.1,5.140619444444444,Winter
2021-06-09,11.9,1.6803444444444444,Winter
2021-06-10,13.2,2.096677777777778,Winter
2021-06-11,13.2,4.702430555555556,Winter
2021-06-12,14.9,3.092322222222222,Winter
2021-06-13,13.4,2.8510472222222223,Winter
2021-06-14,15.5,8.0,Winter
2021-06-15,14.4,8.876669444444444,Winter
2021-06-16,14.4,5.910319444444445,Winter
2021-06-17,12.9,5.213055555555556,Winter
2021-06-18,12.1,2.0,Winter
2021-06-19,13.8,8.977497222222222,Winter
2021-06-20,12.8,8.261313888888889,Winter
2021-06-21,14.4,9.025586111111112,Winter
2021-06-22,15.5,8.796027777777779,Winter
2021-06-23,14.4,4.0,Winter
2021-06-24,15.3,9.0,Winter
2021-06-25,11.9,1.7616805555555557,Winter
2021-06-26,12.1,9.0,Winter
2021-06-27,14.4,8.526566666666666,Winter
2021-06-28,14.2,9.0,Winter
2021-06-29,15.4,9.032530555555555,Winter
2021-06-30,15.6,9.032280555555555,Winter
2021-07-01,16.0,9.031786111111112,Winter
2021-07-02,13.9,9.0,Winter
2021-07-03,9.8,9.029955555555556,Winter
2021-07-04,11.9,4.8769527777777775,Winter
2021-07-05,11.9,8.819494444444445,Winter
2021-07-06,12.1,4.947988888888888,Winter
2021-07-07,11.8,9.0,Winter
2021-07-08,12.4,9.020330555555555,Winter
2021-07-09,10.2,9.0,Winter
2021-07-10,12.2,9.0,Winter
2021-07-11,14.1,7.6757888888888886,Winter
2021-07-12,14.1,8.459166666666667,Winter
2021-07-13,13.9,7.652641666666666,Winter
2021-07-14,11.8,6.788938888888889,Winter
2021-07-15,14.9,9.0,Winter
2021-07-16,12.3,7.0,Winter
2021-07-17,12.9,5.448911111111111,Winter
2021-07-18,12.9,8.116983333333334,Winter
2021-07-19,12.6,5.306958333333333,Winter
2021-07-20,10.2,0.9746472222222222,Winter
2021-07-21,11.9,8.659522222222222,Winter
2021-07-22,10.4,5.481083333333333,Winter
2021-07-23,9.7,2.633088888888889,Winter
2021-07-24,12.4,5.126933333333333,Winter
2021-07-25,10.9,7.210194444444444,Winter
2021-07-26,15.6,7.631711111111111,Winter
2021-07-27,15.1,6.959786111111111,Winter
2021-07-28,15.4,9.0,Winter
2021-07-29,14.2,9.179319444444445,Winter
2021-07-30,13.9,8.908822222222222,Winter
2021-07-31,16.6,9.049244444444444,Winter
2021-08-01,14.1,9.626397222222222,Winter
2021-08-02,14.0,9.78582777777778,Winter
2021-08-03,12.9,9.148347222222222,Winter
2021-08-04,13.6,9.15408888888889,Winter
2021-08-05,14.8,6.5124361111111115,Winter
2021-08-06,13.6,2.425108333333333,Winter
2021-08-07,13.4,6.254005555555555,Winter
2021-08-08,15.0,9.348597222222221,Winter
2021-08-09,14.4,8.304308333333333,Winter
2021-08-10,16.4,9.874319444444446,Winter
2021-08-11,17.0,5.908472222222223,Winter
2021-08-12,15.2,9.196116666666665,Winter
2021-08-13,15.9,10.167166666666667,Winter
2021-08-14,16.2,10.436494444444444,Winter
2021-08-15,17.4,10.276044444444445,Winter
2021-08-16,13.3,7.301222222222223,Winter
2021-08-17,11.9,1.6883416666666666,Winter
2021-08-18,14.6,4.86445,Winter
2021-08-19,15.9,10.65268611111111,Winter
2021-08-20,15.9,7.065475,Winter
2021-08-21,18.2,10.7251,Winter
2021-08-22,20.0,10.76181111111111,Winter
2021-08-23,15.9,10.535491666666665,Winter
2021-08-24,11.7,10.779219444444445,Winter
2021-08-25,12.1,10.813294444444445,Winter
2021-08-26,12.5,7.611272222222222,Winter
2021-08-27,13.2,7.307063888888889,Winter
2021-08-28,16.2,10.85551111111111,Winter
2021-08-29,14.8,7.869561111111111,Winter
2021-08-30,16.8,9.7875,Winter
2021-08-31,17.9,6.853561111111111,Winter
2021-09-01,21.8,10.911627777777777,Spring
2021-09-02,23.5,10.925622222222222,Spring
2021-09-03,22.8,3.800986111111111,Spring
2021-09-04,12.6,10.074411111111111,Spring
2021-09-05,12.2,9.969280555555557,Spring
2021-09-06,14.9,10.981458333333334,Spring
2021-09-07,14.9,8.612416666666666,Spring
2021-09-08,19.6,11.044263888888889,Spring
2021-09-09,22.8,10.833622222222223,Spring
2021-09-10,17.3,6.716597222222222,Spring
2021-09-11,21.9,6.293636111111111,Spring
2021-09-12,14.6,10.242655555555555,Spring
2021-09-13,13.3,11.060088888888888,Spring
2021-09-14,13.2,11.236419444444445,Spring
2021-09-15,15.1,11.195630555555555,Spring
2021-09-16,15.9,9.6193,Spring
2021-09-17,19.5,10.192619444444444,Spring
2021-09-18,15.2,11.641208333333333,Spring
2021-09-19,17.1,5.787791666666666,Spring
2021-09-20,12.8,10.73196111111111,Spring
2021-09-21,11.9,7.701577777777778,Spring
2021-09-22,17.1,4.9877111111111105,Spring
2021-09-23,20.5,11.790291666666667,Spring
2021-09-24,17.0,11.815847222222223,Spring
2021-09-25,11.8,7.846858333333333,Spring
2021-09-26,14.8,11.866455555555556,Spring
2021-09-27,18.0,11.891858333333333,Spring
2021-09-28,22.2,11.917372222222223,Spring
2021-09-29,19.0,3.4644972222222226,Spring
2021-09-30,17.6,0.9133722222222221,Spring
2021-10-01,20.1,10.66511388888889,Spring
2021-10-02,16.6,8.0,Spring
2021-10-03,21.2,8.203566666666667,Spring
2021-10-04,16.8,10.566600000000001,Spring
2021-10-05,16.2,8.014958333333333,Spring
2021-10-06,20.8,9.909263888888889,Spring
2021-10-07,14.2,9.539766666666667,Spring
2021-10-08,19.8,12.0222,Spring
2021-10-09,22.6,11.053447222222223,Spring
2021-10-10,13.8,12.0,Spring
2021-10-11,12.9,11.063369444444444,Spring
2021-10-12,19.2,11.598577777777777,Spring
2021-10-13,19.0,11.884491666666666,Spring
2021-10-14,17.6,12.0,Spring
2021-10-15,15.4,6.087338888888889,Spring
2021-10-16,14.8,12.0,Spring
2021-10-17,17.1,10.822183333333333,Spring
2021-10-18,17.0,4.3013055555555555,Spring
2021-10-19,15.6,12.140066666666666,Spring
2021-10-20,22.2,12.198213888888889,Spring
2021-10-21,23.9,6.987025,Spring
2021-10-22,26.0,12.32683888888889,Spring
2021-10-23,13.9,0.7717777777777778,Spring
2021-10-24,14.1,12.456902777777778,Spring
2021-10-25,14.6,12.5805,Spring
2021-10-26,18.8,13.190980555555555,Spring
2021-10-27,24.5,11.5312,Spring
2021-10-28,26.4,10.188805555555554,Spring
2021-10-29,20.1,7.917047222222222,Spring
2021-10-30,15.2,12.863905555555554,Spring
2021-10-31,18.1,13.50263611111111,Spring
2021-11-01,22.6,13.159533333333334,Spring
2021-11-02,27.8,13.574419444444445,Spring
2021-11-03,22.4,0.0,Spring
2021-11-04,17.5,12.889930555555555,Spring
2021-11-05,23.0,13.623152777777777,Spring
2021-11-06,25.6,7.619716666666666,Spring
2021-11-07,15.3,2.493613888888889,Spring
2021-11-08,15.9,10.014483333333333,Spring
2021-11-09,19.0,11.831119444444445,Spring
2021-11-10,13.8,4.997261111111111,Spring
2021-11-11,15.9,9.9176,Spring
2021-11-12,13.1,0.0,Spring
2021-11-13,13.4,4.966377777777778,Spring
2021-11-14,14.4,13.90561111111111,Spring
2021-11-15,13.1,12.785708333333334,Spring
2021-11-16,13.2,1.920336111111111,Spring
2021-11-17,18.1,11.541766666666668,Spring
2021-11-18,24.8,9.135402777777777,Spring
2021-11-19,17.5,8.737902777777778,Spring
2021-11-20,16.1,10.227116666666667,Spring
2021-11-21,16.6,12.345347222222221,Spring
2021-11-22,21.2,13.354777777777777,Spring
2021-11-23,25.2,8.465969444444445,Spring
2021-11-24,26.6,12.054697222222224,Spring
2021-11-25,16.1,0.0,Spring
2021-11-26,19.6,10.588299999999998,Spring
2021-11-27,19.9,14.0,Spring
2021-11-28,21.8,14.0,Spring
2021-11-29,27.6,14.0,Spring
2021-11-30,30.3,14.0,Spring
2021-12-01,31.1,12.800808333333334,Summer
2021-12-02,31.7,12.18028611111111,Summer
2021-12-03,19.0,13.464697222222224,Summer
2021-12-04,18.0,11.369061111111112,Summer
2021-12-05,20.3,14.0,Summer
2021-12-06,26.4,11.861055555555556,Summer
2021-12-07,16.1,0.5949666666666666,Summer
2021-12-08,16.1,13.560908333333332,Summer
2021-12-09,17.1,1.5273805555555555,Summer
2021-12-10,17.6,12.413675000000001,Summer
2021-12-11,21.5,13.28568888888889,Summer
2021-12-12,27.5,14.196625,Summer
2021-12-13,32.1,13.237897222222223,Summer
2021-12-14,21.2,13.988055555555556,Summer
2021-12-15,17.6,0.044741666666666666,Summer
2021-12-16,19.6,14.35851388888889,Summer
2021-12-17,29.9,12.0,Summer
2021-12-18,32.3,12.953555555555557,Summer
2021-12-19,22.5,5.8673472222222225,Summer
2021-12-20,27.5,14.339213888888889,Summer
2021-12-21,25.0,14.334741666666666,Summer
2021-12-22,19.2,14.141047222222221,Summer
2021-12-23,20.1,13.50063888888889,Summer
2021-12-24,27.0,13.981277777777777,Summer
2021-12-25,21.4,13.294402777777778,Summer
2021-12-26,18.4,8.827008333333334,Summer
2021-12-27,22.7,11.101894444444444,Summer
2021-12-28,23.2,14.247711111111112,Summer
2021-12-29,24.1,14.507169444444443,Summer
2021-12-30,32.2,12.902961111111113,Summer
2021-12-31,38.0,14.295516666666666,Summer
2022-01-01,36.7,13.854580555555556,Summer
2022-01-02,30.0,10.703005555555556,Summer
2022-01-03,20.6,14.131855555555555,Summer
2022-01-04,23.8,10.391333333333334,Summer
2022-01-05,28.5,11.148691666666666,Summer
2022-01-06,30.0,9.778922222222223,Summer
2022-01-07,25.9,12.140744444444444,Summer
2022-01-08,19.6,4.644344444444444,Summer
2022-01-09,22.0,12.66543888888889,Summer
2022-01-10,28.8,11.329158333333334,Summer
2022-01-11,28.5,11.84238888888889,Summer
2022-01-12,29.8,13.377669444444445,Summer
2022-01-13,34.0,12.10826111111111,Summer
2022-01-14,31.1,12.207191666666667,Summer
2022-01-15,22.6,7.297908333333334,Summer
2022-01-16,28.9,13.059366666666667,Summer
2022-01-17,23.5,8.599594444444445,Summer
2022-01-18,21.2,9.231675,Summer
2022-01-19,26.6,13.711691666666665,Summer
2022-01-20,28.9,13.633883333333333,Summer
2022-01-21,31.0,13.644541666666667,Summer
2022-01-22,33.0,13.479691666666666,Summer
2022-01-23,33.5,13.17265277777778,Summer
2022-01-24,34.0,11.268352777777778,Summer
2022-01-25,32.8,13.25316111111111,Summer
2022-01-26,36.2,12.579108333333334,Summer
2022-01-27,32.5,11.372930555555556,Summer
2022-01-28,29.5,6.450336111111111,Summer
2022-01-29,22.0,2.4859416666666667,Summer
2022-01-30,27.1,13.091916666666666,Summer
2022-01-31,32.7,13.094066666666667,Summer
2022-02-01,23.9,12.724525,Summer
2022-02-02,18.7,11.579391666666666,Summer
2022-02-03,18.1,10.156166666666666,Summer
2022-02-04,23.4,11.696325,Summer
2022-02-05,25.7,13.047152777777777,Summer
2022-02-06,27.4,13.054772222222223,Summer
2022-02-07,28.4,13.0,Summer
2022-02-08,30.0,13.0,Summer
2022-02-09,30.5,8.215069444444444,Summer
2022-02-10,23.4,9.522625,Summer
2022-02-11,21.9,12.055947222222223,Summer
2022-02-12,28.8,13.0,Summer
2022-02-13,32.8,12.354997222222222,Summer
2022-02-14,32.4,13.0,Summer
2022-02-15,23.6,12.805705555555555,Summer
2022-02-16,25.1,6.538536111111111,Summer
2022-02-17,23.9,11.335341666666668,Summer
2022-02-18,20.9,9.619266666666666,Summer
2022-02-19,22.5,13.0,Summer
2022-02-20,25.4,11.0,Summer
2022-02-21,20.0,12.996919444444446,Summer
2022-02-22,24.0,12.979241666666665,Summer
2022-02-23,32.4,12.961647222222222,Summer
2022-02-24,23.8,10.159844444444445,Summer
2022-02-25,22.1,12.426858333333334,Summer
2022-02-26,28.9,12.909394444444445,Summer
2022-02-27,25.8,7.664680555555555,Summer
2022-02-28,24.8,6.439455555555556,Summer
2022-03-01,25.7,1.504325,Autumn
2022-03-02,28.5,10.910972222222222,Autumn
2022-03-03,30.1,12.712216666666668,Autumn
2022-03-04,32.7,9.728244444444444,Autumn
2022-03-05,20.8,1.3908527777777777,Autumn
2022-03-06,20.6,0.0,Autumn
2022-03-07,23.9,11.75821111111111,Autumn
2022-03-08,20.5,7.267283333333333,Autumn
2022-03-09,21.8,12.47028888888889,Autumn
2022-03-10,20.5,12.429313888888888,Autumn
2022-03-11,20.1,9.007611111111112,Autumn
2022-03-12,21.6,12.347041666666666,Autumn
2022-03-13,28.8,12.2041,Autumn
2022-03-14,28.6,9.857524999999999,Autumn
2022-03-15,27.5,7.580519444444445,Autumn
2022-03-16,24.1,7.477108333333334,Autumn
2022-03-17,28.7,9.982844444444444,Autumn
2022-03-18,21.5,10.582108333333332,Autumn
2022-03-19,29.6,11.599955555555555,Autumn
2022-03-20,24.1,10.559208333333334,Autumn
2022-03-21,28.5,10.4318,Autumn
2022-03-22,22.6,5.324708333333334,Autumn
2022-03-23,19.4,11.312705555555555,Autumn
2022-03-24,20.4,10.13888888888889,Autumn
2022-03-25,20.5,10.200144444444444,Autumn
2022-03-26,23.7,11.016319444444445,Autumn
2022-03-27,28.4,11.020938888888889,Autumn
2022-03-28,25.7,8.031625,Autumn
2022-03-29,21.6,11.0,Autumn
2022-03-30,19.9,7.6909777777777775,Autumn
2022-03-31,20.9,11.0,Autumn
2022-04-01,19.8,9.647980555555556,Autumn
2022-04-02,18.2,0.3032722222222222,Autumn
2022-04-03,17.8,0.47883055555555554,Autumn
2022-04-04,18.3,1.2023305555555557,Autumn
2022-04-05,19.7,11.0,Autumn
2022-04-06,22.5,7.101875,Autumn
2022-04-07,23.2,11.0,Autumn
2022-04-08,24.5,10.148169444444445,Autumn
2022-04-09,25.8,10.966875,Autumn
2022-04-10,26.8,10.942847222222222,Autumn
2022-04-11,19.0,3.527308333333333,Autumn
2022-04-12,18.0,9.021386111111111,Autumn
2022-04-13,20.2,10.872619444444444,Autumn
2022-04-14,24.6,10.849633333333333,Autumn
2022-04-15,26.1,5.793958333333333,Autumn
2022-04-16,28.1,10.80380277777778,Autumn
2022-04-17,27.3,9.408058333333335,Autumn
2022-04-18,17.9,0.0,Autumn
2022-04-19,15.4,0.0,Autumn
2022-04-20,17.7,9.149452777777778,Autumn
2022-04-21,16.4,5.8135972222222225,Autumn
2022-04-22,17.2,10.669047222222222,Autumn
2022-04-23,16.9,9.199272222222222,Autumn
2022-04-24,17.6,10.625655555555555,Autumn
2022-04-25,22.4,9.906625,Autumn
2022-04-26,22.1,8.099147222222223,Autumn
2022-04-27,20.1,5.068211111111111,Autumn
2022-04-28,21.5,1.35665,Autumn
2022-04-29,21.2,4.0290888888888885,Autumn
2022-04-30,17.0,9.56976388888889,Autumn
2022-05-01,19.2,9.910977777777777,Autumn
2022-05-02,20.9,9.599219444444445,Autumn
2022-05-03,19.6,10.090713888888889,Autumn
2022-05-04,15.8,3.783227777777778,Autumn
2022-05-05,13.1,9.851255555555555,Autumn
2022-05-06,14.3,8.372558333333332,Autumn
2022-05-07,15.6,5.523186111111111,Autumn
2022-05-08,15.1,9.338913888888888,Autumn
2022-05-09,15.9,7.118061111111111,Autumn
2022-05-10,17.3,9.776425,Autumn
2022-05-11,18.4,2.749172222222222,Autumn
2022-05-12,18.2,2.1460777777777778,Autumn
2022-05-13,18.0,1.2804722222222222,Autumn
2022-05-14,17.2,0.2960555555555555,Autumn
2022-05-15,20.5,9.702816666666667,Autumn
2022-05-16,15.8,7.2159861111111105,Autumn
2022-05-17,15.0,8.473008333333334,Autumn
2022-05-18,14.5,9.660119444444444,Autumn
2022-05-19,14.6,9.312216666666668,Autumn
2022-05-20,15.1,9.0,Autumn
2022-05-21,13.7,8.494094444444444,Autumn
2022-05-22,12.3,5.153266666666666,Autumn
2022-05-23,16.0,8.4214,Autumn
2022-05-24,19.2,9.351558333333333,Autumn
2022-05-25,19.1,8.729344444444445,Autumn
2022-05-26,16.0,4.385041666666667,Autumn
2022-05-27,15.4,7.0,Autumn
2022-05-28,13.9,9.104255555555556,Autumn
2022-05-29,15.1,7.57975,Autumn
2022-05-30,11.6,1.0,Autumn
2022-05-31,10.3,9.216827777777779,Autumn
2022-06-01,11.6,4.754872222222223,Winter
2022-06-02,12.5,4.213825,Winter
2022-06-03,12.1,7.120611111111112,Winter
2022-06-04,13.8,8.148502777777779,Winter
2022-06-05,11.9,1.8496083333333333,Winter
2022-06-06,12.0,7.932947222222222,Winter
2022-06-07,10.4,7.925394444444444,Winter
2022-06-08,11.2,5.2251916666666665,Winter
2022-06-09,11.3,2.3004555555555553,Winter
2022-06-10,12.6,8.0,Winter
2022-06-11,12.7,5.034183333333334,Winter
2022-06-12,11.1,0.10757222222222222,Winter
2022-06-13,12.1,3.1890055555555556,Winter
2022-06-14,12.9,8.289016666666667,Winter
2022-06-15,12.4,5.328338888888889,Winter
2022-06-16,13.9,6.332747222222222,Winter
2022-06-17,13.8,6.297483333333333,Winter
2022-06-18,14.7,9.0,Winter
2022-06-19,14.9,8.927666666666667,Winter
2022-06-20,16.5,8.0,Winter
2022-06-21,14.3,8.513791666666666,Winter
2022-06-22,15.9,5.932880555555555,Winter
2022-06-23,15.9,6.656875,Winter
2022-06-24,15.4,8.260961111111111,Winter
2022-06-25,15.1,9.031497222222223,Winter
2022-06-26,12.4,2.159363888888889,Winter
2022-06-27,11.6,8.348702777777778,Winter
2022-06-28,12.7,8.348991666666667,Winter
2022-06-29,11.1,4.864052777777778,Winter
2022-06-30,13.1,9.033041666666668,Winter
2022-07-01,12.0,7.495525,Winter
2022-07-02,10.9,4.9499249999999995,Winter
2022-07-03,12.2,9.030444444444443,Winter
2022-07-04,12.1,8.0,Winter
2022-07-05,13.5,8.227091666666666,Winter
2022-07-06,15.3,9.025427777777779,Winter
2022-07-07,12.7,9.0,Winter
2022-07-08,11.1,6.361827777777778,Winter
2022-07-09,12.2,8.718233333333334,Winter
2022-07-10,13.5,7.351475000000001,Winter
2022-07-11,13.4,9.0,Winter
2022-07-12,10.5,1.8679972222222223,Winter
2022-07-13,11.6,8.788202777777778,Winter
2022-07-14,12.3,6.0,Winter
2022-07-15,14.6,8.640405555555555,Winter
2022-07-16,12.1,4.131138888888889,Winter
2022-07-17,14.3,7.472452777777778,Winter
2022-07-18,10.2,4.766111111111111,Winter
2022-07-19,12.4,9.06903611111111,Winter
2022-07-20,10.3,9.025316666666667,Winter
2022-07-21,13.1,9.167494444444445,Winter
2022-07-22,17.4,8.373041666666667,Winter
2022-07-23,13.9,0.0,Winter
2022-07-24,17.0,9.129244444444444,Winter
2022-07-25,15.6,4.393605555555555,Winter
2022-07-26,11.6,5.305016666666667,Winter
2022-07-27,15.2,4.185363888888888,Winter
2022-07-28,12.1,6.370222222222222,Winter
2022-07-29,12.2,9.233469444444443,Winter
2022-07-30,12.1,9.664225,Winter
2022-07-31,13.5,0.0,Winter
2022-08-01,14.1,8.511025,Winter
2022-08-02,14.9,9.412475,Winter
2022-08-03,17.9,9.27931111111111,Winter
2022-08-04,17.5,9.382166666666668,Winter
2022-08-05,13.5,3.26395,Winter
2022-08-06,13.1,8.276191666666668,Winter
2022-08-07,13.6,9.783269444444443,Winter
2022-08-08,12.9,9.676091666666666,Winter
2022-08-09,12.2,9.946636111111111,Winter
2022-08-10,14.1,6.358827777777777,Winter
2022-08-11,14.2,5.559761111111111,Winter
2022-08-12,14.1,0.7255666666666667,Winter
2022-08-13,13.9,9.407527777777778,Winter
2022-08-14,13.2,0.6919916666666667,Winter
2022-08-15,14.5,8.612633333333333,Winter
2022-08-16,12.9,6.327177777777778,Winter
2022-08-17,14.1,3.0777805555555555,Winter
2022-08-18,13.6,0.0,Winter
2022-08-19,14.9,8.941719444444445,Winter
2022-08-20,12.2,7.263269444444445,Winter
2022-08-21,14.6,10.1801,Winter
2022-08-22,16.8,8.986502777777778,Winter
2022-08-23,11.2,10.452858333333333,Winter
2022-08-24,12.0,3.0805333333333333,Winter
2022-08-25,13.6,8.12031111111111,Winter
2022-08-26,13.8,9.246127777777778,Winter
2022-08-27,18.2,9.135200000000001,Winter
2022-08-28,18.8,10.827661111111112,Winter
2022-08-29,15.9,1.7469277777777776,Winter
2022-08-30,14.2,2.262661111111111,Winter
2022-08-31,16.0,10.894908333333333,Winter
2022-09-01,15.1,10.302052777777778,Spring
2022-09-02,11.8,10.88793888888889,Spring
2022-09-03,13.2,10.793322222222223,Spring
2022-09-04,12.2,7.918302777777778,Spring
2022-09-05,14.6,10.964552777777778,Spring
2022-09-06,16.1,9.639325,Spring
2022-09-07,18.8,9.982522222222222,Spring
2022-09-08,17.0,2.3095999999999997,Spring
2022-09-09,19.0,11.0,Spring
2022-09-10,14.9,10.0,Spring
2022-09-11,15.7,11.089052777777777,Spring
2022-09-12,12.3,11.0,Spring
2022-09-13,12.7,10.769397222222223,Spring
2022-09-14,16.7,10.373838888888889,Spring
2022-09-15,15.7,5.791766666666667,Spring
2022-09-16,16.9,8.266080555555556,Spring
2022-09-17,13.3,3.375808333333333,Spring
2022-09-18,14.9,3.5021694444444442,Spring
2022-09-19,15.3,9.97065,Spring
2022-09-20,18.5,10.280466666666667,Spring
2022-09-21,17.5,0.0,Spring
2022-09-22,17.6,11.123302777777777,Spring
2022-09-23,16.4,3.8662805555555555,Spring
2022-09-24,13.9,11.727919444444446,Spring
2022-09-25,17.8,11.833408333333333,Spring
2022-09-26,15.2,0.074275,Spring
2022-09-27,16.0,7.460833333333333,Spring
2022-09-28,14.8,6.065383333333334,Spring
2022-09-29,14.8,9.021030555555555,Spring
2022-09-30,18.8,11.963658333333333,Spring
2022-10-01,17.9,11.989597222222223,Spring
2022-10-02,16.8,12.0,Spring
2022-10-03,19.8,9.705594444444444,Spring
2022-10-04,15.6,7.351313888888889,Spring
2022-10-05,14.9,0.0,Spring
2022-10-06,20.4,10.285847222222223,Spring
2022-10-07,19.5,6.447922222222222,Spring
2022-10-08,13.9,12.024030555555557,Spring
2022-10-09,13.4,12.097752777777778,Spring
2022-10-10,16.6,12.171594444444445,Spring
2022-10-11,20.8,11.28513888888889,Spring
2022-10-12,17.8,2.7122083333333333,Spring
2022-10-13,17.1,0.0,Spring
2022-10-14,17.5,12.082811111111113,Spring
2022-10-15,18.0,9.1011,Spring
2022-10-16,15.9,10.372405555555556,Spring
2022-10-17,15.9,12.447105555555556,Spring
2022-10-18,19.6,12.116144444444446,Spring
2022-10-19,21.1,12.631155555555557,Spring
2022-10-20,19.7,12.695530555555557,Spring
2022-10-21,23.7,10.012036111111112,Spring
2022-10-22,18.6,3.4923694444444444,Spring
2022-10-23,19.5,7.889463888888889,Spring
2022-10-24,20.9,6.555552777777778,Spring
2022-10-25,21.6,11.0,Spring
2022-10-26,18.2,0.3638166666666667,Spring
2022-10-27,16.9,0.0,Spring
2022-10-28,12.9,0.43288888888888893,Spring
2022-10-29,17.1,9.983897222222222,Spring
2022-10-30,20.3,10.176758333333334,Spring
2022-10-31,20.2,4.772833333333334,Spring
2022-11-01,12.9,10.374591666666666,Spring
2022-11-02,13.6,8.817347222222223,Spring
2022-11-03,14.9,8.905708333333333,Spring
2022-11-04,17.0,13.018697222222222,Spring
2022-11-05,22.3,12.73356388888889,Spring
2022-11-06,24.4,12.92181111111111,Spring
2022-11-07,25.1,13.73900277777778,Spring
2022-11-08,26.4,13.773316666666668,Spring
2022-11-09,27.5,13.80726111111111,Spring
2022-11-10,24.8,7.8849,Spring
2022-11-11,20.1,7.628577777777778,Spring
2022-11-12,18.8,6.6670388888888885,Spring
2022-11-13,24.5,7.4823916666666666,Spring
2022-11-14,16.1,3.45585,Spring
2022-11-15,12.5,12.405905555555556,Spring
2022-11-16,13.1,11.651288888888889,Spring
2022-11-17,15.1,7.210122222222222,Spring
2022-11-18,22.4,13.952425000000002,Spring
2022-11-19,20.8,5.518288888888889,Spring
2022-11-20,18.8,13.530130555555555,Spring
2022-11-21,12.8,13.982680555555556,Spring
2022-11-22,15.9,2.7009777777777777,Spring
2022-11-23,17.0,9.341305555555556,Spring
2022-11-24,16.9,12.239608333333333,Spring
2022-11-25,17.8,12.0,Spring
2022-11-26,26.0,11.85898888888889,Spring
2022-11-27,19.9,10.403583333333334,Spring
2022-11-28,17.8,7.574994444444444,Spring
2022-11-29,17.5,14.0,Spring
2022-11-30,18.5,14.0,Spring
2022-12-01,18.2,13.485652777777778,Summer
2022-12-02,21.5,14.0,Summer
2022-12-03,30.1,14.0,Summer
2022-12-04,32.9,13.481361111111111,Summer
2022-12-05,19.4,7.428038888888889,Summer
2022-12-06,19.5,12.355863888888889,Summer
2022-12-07,18.5,12.546744444444444,Summer
2022-12-08,14.4,14.0,Summer
2022-12-09,17.2,11.08675,Summer
2022-12-10,25.2,14.0,Summer
2022-12-11,27.5,7.367625,Summer
2022-12-12,17.0,11.917697222222221,Summer
2022-12-13,19.0,10.193463888888889,Summer
2022-12-14,14.5,11.384691666666667,Summer
2022-12-15,15.3,10.118308333333335,Summer
2022-12-16,18.2,14.154916666666665,Summer
2022-12-17,21.0,14.262886111111111,Summer
2022-12-18,22.4,14.34938611111111,Summer
2022-12-19,23.7,14.436072222222222,Summer
2022-12-20,26.2,14.0,Summer
2022-12-21,28.4,10.411802777777778,Summer
2022-12-22,25.0,8.829852777777779,Summer
2022-12-23,22.4,13.621958333333334,Summer
2022-12-24,22.0,10.519066666666667,Summer
2022-12-25,30.6,14.383552777777778,Summer
2022-12-26,28.9,14.370280555555556,Summer
2022-12-27,35.7,14.356916666666667,Summer
2022-12-28,28.6,2.7291972222222225,Summer
2022-12-29,20.4,6.664594444444445,Summer
2022-12-30,25.4,14.225211111111111,Summer
2022-12-31,29.7,14.027605555555555,Summer
2023-01-01,34.4,14.378955555555555,Summer
2023-01-02,29.8,11.149733333333334,Summer
2023-01-03,19.6,8.965588888888888,Summer
2023-01-04,16.2,2.1836055555555554,Summer
2023-01-05,21.0,11.86841388888889,Summer
2023-01-06,24.7,14.39198888888889,Summer
2023-01-07,28.6,14.375719444444444,Summer
2023-01-08,30.9,14.269111111111112,Summer
2023-01-09,26.0,13.802419444444444,Summer
2023-01-10,23.5,13.80951111111111,Summer
2023-01-11,31.8,14.085897222222224,Summer
2023-01-12,24.8,13.824327777777778,Summer
2023-01-13,26.3,12.591230555555555,Summer
2023-01-14,36.2,12.525205555555555,Summer
2023-01-15,23.4,8.577963888888888,Summer
2023-01-16,28.9,13.213172222222221,Summer
2023-01-17,36.2,12.538936111111111,Summer
2023-01-18,22.4,0.14236666666666667,Summer
2023-01-19,17.9,10.41558888888889,Summer
2023-01-20,21.6,13.541808333333334,Summer
2023-01-21,23.5,12.355555555555556,Summer
2023-01-22,24.5,12.557641666666667,Summer
2023-01-23,27.0,10.357355555555557,Summer
2023-01-24,26.6,11.509069444444444,Summer
2023-01-25,30.1,13.064074999999999,Summer
2023-01-26,21.4,12.427408333333332,Summer
2023-01-27,27.4,13.451394444444444,Summer
2023-01-28,34.8,8.163144444444445,Summer
2023-01-29,23.5,0.4636333333333333,Summer
2023-01-30,22.5,8.096397222222222,Summer
2023-01-31,22.6,10.875897222222223,Summer
2023-02-01,21.4,10.706558333333334,Summer
2023-02-02,21.2,6.023947222222222,Summer
2023-02-03,18.9,13.030783333333334,Summer
2023-02-04,20.8,6.3085555555555555,Summer
2023-02-05,20.9,12.005802777777777,Summer
2023-02-06,20.6,13.0,Summer
2023-02-07,20.3,11.336908333333334,Summer
2023-02-08,22.0,13.0,Summer
2023-02-09,26.9,13.0,Summer
2023-02-10,26.0,13.0,Summer
2023-02-11,27.5,13.0,Summer
2023-02-12,20.0,12.312802777777776,Summer
2023-02-13,19.8,9.195041666666667,Summer
2023-02-14,22.5,13.0,Summer
2023-02-15,32.7,12.074141666666668,Summer
2023-02-16,37.3,12.482344444444445,Summer
2023-02-17,40.2,13.0,Summer
2023-02-18,23.3,12.506977777777779,Summer
2023-02-19,27.6,13.0,Summer
2023-02-20,25.6,13.0,Summer
2023-02-21,21.6,9.0,Summer
2023-02-22,30.8,12.983272222222222,Summer
2023-02-23,32.0,12.965633333333333,Summer
2023-02-24,32.5,12.948113888888889,Summer
2023-02-25,29.1,6.0614333333333335,Summer
2023-02-26,24.2,11.744722222222222,Summer
2023-02-27,19.8,3.6982250000000003,Summer
2023-02-28,17.9,0.0,Summer
2023-03-01,20.9,9.487519444444445,Autumn
2023-03-02,21.0,11.601697222222223,Autumn
2023-03-03,20.6,12.70033888888889,Autumn
2023-03-04,31.4,11.431980555555555,Autumn
2023-03-05,33.4,9.795525,Autumn
2023-03-06,24.9,12.546308333333332,Autumn
2023-03-07,22.1,10.914397222222222,Autumn
2023-03-08,18.1,10.658716666666665,Autumn
2023-03-09,21.5,9.999622222222222,Autumn
2023-03-10,22.9,12.337519444444444,Autumn
2023-03-11,23.9,11.439908333333333,Autumn
2023-03-12,20.0,10.695525,Autumn
2023-03-13,22.4,12.314241666666666,Autumn
2023-03-14,29.3,11.333822222222222,Autumn
2023-03-15,25.4,10.116311111111111,Autumn
2023-03-16,28.8,9.9006,Autumn
2023-03-17,23.8,11.795927777777777,Autumn
2023-03-18,36.7,11.110188888888889,Autumn
2023-03-19,19.2,1.8198555555555553,Autumn
2023-03-20,20.1,11.0,Autumn
2023-03-21,21.0,1.5320972222222222,Autumn
2023-03-22,22.5,11.332605555555554,Autumn
2023-03-23,22.8,9.435863888888889,Autumn
2023-03-24,20.2,8.598283333333333,Autumn
2023-03-25,20.5,11.003405555555556,Autumn
2023-03-26,18.0,3.8988750000000003,Autumn
2023-03-27,20.2,2.7093111111111114,Autumn
2023-03-28,21.4,8.0,Autumn
2023-03-29,18.2,6.0,Autumn
2023-03-30,18.1,8.991163888888888,Autumn
2023-03-31,19.1,7.977291666666667,Autumn
2023-04-01,15.6,3.146411111111111,Autumn
2023-04-02,18.6,11.0,Autumn
2023-04-03,23.9,11.0,Autumn
2023-04-04,24.7,11.0,Autumn
2023-04-05,19.3,9.597277777777776,Autumn
2023-04-06,25.2,7.037622222222222,Autumn
2023-04-07,19.3,5.273066666666667,Autumn
2023-04-08,17.5,8.499930555555556,Autumn
2023-04-09,13.9,4.825374999999999,Autumn
2023-04-10,15.2,5.458294444444444,Autumn
2023-04-11,18.9,10.926794444444445,Autumn
2023-04-12,17.9,5.6375222222222225,Autumn
2023-04-13,20.6,10.071355555555554,Autumn
2023-04-14,23.5,7.954013888888889,Autumn
2023-04-15,19.8,1.2873666666666668,Autumn
2023-04-16,16.6,6.808861111111112,Autumn
2023-04-17,20.0,8.454172222222223,Autumn
2023-04-18,22.5,10.524172222222221,Autumn
2023-04-19,16.9,7.6891,Autumn
2023-04-20,17.8,10.484622222222223,Autumn
2023-04-21,19.2,9.517069444444443,Autumn
2023-04-22,19.2,9.755708333333335,Autumn
2023-04-23,19.1,10.651,Autumn
2023-04-24,23.3,10.629580555555554,Autumn
2023-04-25,24.0,10.206505555555555,Autumn
2023-04-26,23.5,9.990788888888888,Autumn
2023-04-27,21.2,6.608730555555556,Autumn
2023-04-28,20.9,6.960633333333333,Autumn
2023-04-29,15.1,10.367972222222221,Autumn
2023-04-30,15.4,10.277975,Autumn
2023-05-01,16.3,6.310977777777778,Autumn
2023-05-02,19.3,8.891408333333333,Autumn
2023-05-03,14.1,9.9185,Autumn
2023-05-04,15.6,9.673855555555555,Autumn
2023-05-05,17.2,9.286808333333333,Autumn
2023-05-06,12.3,6.6809666666666665,Autumn
2023-05-07,11.1,8.582797222222222,Autumn
2023-05-08,13.7,5.397680555555556,Autumn
2023-05-09,14.6,3.901063888888889,Autumn
2023-05-10,14.9,3.4960444444444443,Autumn
2023-05-11,16.6,8.44275,Autumn
2023-05-12,17.4,9.23648888888889,Autumn
2023-05-13,15.2,6.3919250000000005,Autumn
2023-05-14,19.2,9.447247222222222,Autumn
2023-05-15,19.6,9.7064,Autumn
2023-05-16,13.1,4.374930555555555,Autumn
2023-05-17,14.0,9.564116666666667,Autumn
2023-05-18,12.2,8.516744444444445,Autumn
2023-05-19,14.9,8.865619444444444,Autumn
2023-05-20,13.9,5.0,Autumn
2023-05-21,13.7,6.966652777777778,Autumn
2023-05-22,15.7,9.5162,Autumn
2023-05-23,15.9,6.522213888888889,Autumn
2023-05-24,15.2,9.0,Autumn
2023-05-25,13.8,1.0736305555555556,Autumn
2023-05-26,12.9,4.443908333333333,Autumn
2023-05-27,15.1,9.096180555555556,Autumn
2023-05-28,15.4,4.0,Autumn
2023-05-29,15.8,9.017505555555555,Autumn
2023-05-30,17.2,4.585788888888889,Autumn
2023-05-31,16.0,0.0,Autumn
2023-06-01,15.8,9.222319444444445,Winter
2023-06-02,13.8,8.125358333333333,Winter
2023-06-03,14.9,5.083894444444445,Winter
2023-06-04,17.2,6.0,Winter
2023-06-05,19.5,8.35266111111111,Winter
2023-06-06,16.8,6.334705555555555,Winter
2023-06-07,17.6,0.40300277777777777,Winter
2023-06-08,16.0,9.0,Winter
2023-06-09,14.0,9.078858333333333,Winter
2023-06-10,15.4,9.0,Winter
2023-06-11,15.7,9.087605555555555,Winter
2023-06-12,13.9,5.406599999999999,Winter
2023-06-13,13.4,5.299597222222222,Winter
2023-06-14,13.9,9.0054,Winter
2023-06-15,15.4,6.709383333333333,Winter
2023-06-16,15.2,9.012263888888889,Winter
2023-06-17,14.3,9.0,Winter
2023-06-18,13.6,9.0183,Winter
2023-06-19,11.2,8.0,Winter
2023-06-20,11.2,9.0,Winter
2023-06-21,10.8,6.764827777777778,Winter
2023-06-22,13.1,2.0,Winter
2023-06-23,9.9,0.3161583333333334,Winter
2023-06-24,13.5,8.887572222222222,Winter
2023-06-25,12.1,4.439966666666667,Winter
2023-06-26,14.3,8.591188888888889,Winter
2023-06-27,14.1,7.884961111111111,Winter
2023-06-28,11.9,3.4767555555555556,Winter
2023-06-29,11.9,6.416794444444444,Winter
2023-06-30,13.8,2.5253,Winter
2023-07-01,12.1,5.992313888888889,Winter
2023-07-02,11.8,1.8649638888888889,Winter
2023-07-03,14.2,5.824050000000001,Winter
2023-07-04,12.2,0.0,Winter
2023-07-05,14.0,6.0,Winter
2023-07-06,13.9,9.0,Winter
2023-07-07,14.4,8.275891666666666,Winter
2023-07-08,13.3,8.787636111111112,Winter
2023-07-09,15.1,5.822913888888889,Winter
2023-07-10,16.2,9.0,Winter
2023-07-11,16.6,9.0,Winter
2023-07-12,16.6,9.0,Winter
2023-07-13,14.7,7.543836111111111,Winter
2023-07-14,13.6,5.852608333333333,Winter
2023-07-15,12.5,1.4628555555555556,Winter
2023-07-16,14.3,7.9218,Winter
2023-07-17,14.9,9.081038888888889,Winter
2023-07-18,12.6,7.574152777777778,Winter
2023-07-19,12.4,9.070644444444444,Winter
2023-07-20,12.1,4.018288888888889,Winter
2023-07-21,12.8,8.881352777777778,Winter
2023-07-22,14.3,8.660897222222221,Winter
2023-07-23,12.1,1.6223944444444445,Winter
2023-07-24,13.4,5.0,Winter
2023-07-25,14.2,9.0,Winter
2023-07-26,14.4,9.282675,Winter
2023-07-27,15.4,9.288616666666666,Winter
2023-07-28,17.4,9.0,Winter
2023-07-29,17.5,9.326358333333333,Winter
2023-07-30,16.5,8.483680555555555,Winter
2023-07-31,15.6,7.926886111111111,Winter
2023-08-01,14.2,7.216086111111111,Winter
2023-08-02,16.0,9.704347222222223,Winter
2023-08-03,17.6,9.888302777777778,Winter
2023-08-04,16.4,3.5787611111111115,Winter
2023-08-05,12.7,8.244941666666668,Winter
2023-08-06,12.9,5.829744444444445,Winter
2023-08-07,12.9,7.562727777777778,Winter
2023-08-08,12.8,7.414969444444444,Winter
2023-08-09,16.8,9.313977777777778,Winter
2023-08-10,14.0,9.612130555555556,Winter
2023-08-11,15.2,8.034163888888889,Winter
2023-08-12,15.0,6.860508333333334,Winter
2023-08-13,12.2,8.788908333333334,Winter
2023-08-14,11.4,9.143961111111112,Winter
2023-08-15,12.4,10.495030555555555,Winter
2023-08-16,13.9,10.530280555555557,Winter
2023-08-17,12.9,4.623172222222221,Winter
2023-08-18,11.6,9.861819444444444,Winter
2023-08-19,16.0,3.147963888888889,Winter
2023-08-20,18.2,9.035444444444444,Winter
2023-08-21,16.2,10.088344444444445,Winter
2023-08-22,14.1,1.210125,Winter
2023-08-23,16.5,10.779072222222224,Winter
2023-08-24,17.1,10.793194444444444,Winter
2023-08-25,19.4,10.773961111111111,Winter
2023-08-26,14.6,6.356938888888889,Winter
2023-08-27,14.2,8.548858333333333,Winter
2023-08-28,16.7,7.964827777777778,Winter
2023-08-29,19.4,4.869694444444445,Winter
2023-08-30,16.0,7.873438888888889,Winter
2023-08-31,14.3,6.600266666666666,Winter
2023-09-01,13.9,9.905175,Spring
2023-09-02,16.2,10.91912222222222,Spring
2023-09-03,18.7,10.93306111111111,Spring
2023-09-04,21.0,7.0,Spring
2023-09-05,13.6,9.967608333333333,Spring
2023-09-06,18.0,10.974852777777778,Spring
2023-09-07,20.6,8.838225,Spring
2023-09-08,10.6,0.0,Spring
2023-09-09,14.0,11.0,Spring
2023-09-10,14.7,9.651130555555556,Spring
2023-09-11,15.4,10.0,Spring
2023-09-12,22.0,11.0,Spring
2023-09-13,22.3,11.309297222222222,Spring
2023-09-14,22.8,10.922166666666667,Spring
2023-09-15,23.0,11.039938888888889,Spring
2023-09-16,22.9,11.513358333333333,Spring
2023-09-17,22.5,11.500177777777777,Spring
2023-09-18,18.0,10.823086111111111,Spring
2023-09-19,26.2,11.392733333333332,Spring
2023-09-20,16.7,7.698230555555556,Spring
2023-09-21,14.1,11.723458333333333,Spring
2023-09-22,14.2,9.783125,Spring
2023-09-23,16.4,10.934688888888887,Spring
2023-09-24,22.6,11.802266666666668,Spring
2023-09-25,21.5,11.145472222222221,Spring
2023-09-26,16.5,11.854825,Spring
2023-09-27,16.8,11.550686111111112,Spring
2023-09-28,18.5,11.907130555555556,Spring
2023-09-29,27.5,11.933113888888888,Spring
2023-09-30,26.9,11.958944444444443,Spring
2023-10-01,21.2,11.984599999999999,Spring
2023-10-02,26.5,12.0,Spring
2023-10-03,23.5,0.14365555555555554,Spring
2023-10-04,12.8,0.0,Spring
2023-10-05,16.4,7.135377777777778,Spring
2023-10-06,14.0,11.166413888888888,Spring
2023-10-07,13.6,9.16606111111111,Spring
2023-10-08,15.4,12.10696111111111,Spring
2023-10-09,15.1,12.0,Spring
2023-10-10,15.9,11.173352777777778,Spring
2023-10-11,23.9,12.003386111111112,Spring
2023-10-12,19.5,5.639372222222223,Spring
2023-10-13,15.5,0.0,Spring
2023-10-14,17.1,8.119944444444444,Spring
2023-10-15,16.5,3.6503583333333336,Spring
2023-10-16,13.9,12.21058611111111,Spring
2023-10-17,15.6,12.448872222222223,Spring
2023-10-18,22.6,12.52381388888889,Spring
2023-10-19,24.9,12.117905555555556,Spring
2023-10-20,27.8,12.205675,Spring
2023-10-21,23.1,8.372544444444445,Spring
2023-10-22,15.1,0.0,Spring
2023-10-23,16.8,7.760527777777778,Spring
2023-10-24,24.1,10.297508333333333,Spring
2023-10-25,12.8,13.028180555555554,Spring
2023-10-26,13.9,11.697138888888889,Spring
2023-10-27,19.6,13.111519444444445,Spring
2023-10-28,22.1,11.247005555555555,Spring
2023-10-29,20.6,12.214116666666667,Spring
2023-10-30,22.2,10.188461111111112,Spring
2023-10-31,15.9,11.362058333333334,Spring
2023-11-01,15.1,10.569633333333334,Spring
2023-11-02,15.4,11.040872222222221,Spring
2023-11-03,15.3,10.955938888888888,Spring
2023-11-04,17.5,13.457338888888888,Spring
2023-11-05,22.4,13.662852777777777,Spring
2023-11-06,28.0,13.507522222222223,Spring
2023-11-07,29.0,13.472644444444443,Spring
2023-11-08,29.6,13.602638888888889,Spring
2023-11-09,21.0,11.46111111111111,Spring
2023-11-10,31.4,13.593694444444445,Spring
2023-11-11,25.0,13.859233333333332,Spring
2023-11-12,19.4,12.873594444444445,Spring
2023-11-13,18.7,13.674647222222223,Spring
2023-11-14,15.9,0.2913583333333334,Spring
2023-11-15,18.0,12.755380555555556,Spring
2023-11-16,16.8,11.76295,Spring
2023-11-17,17.0,12.23118611111111,Spring
2023-11-18,19.2,11.3518,Spring
2023-11-19,21.3,12.0,Spring
2023-11-20,18.9,13.410555555555556,Spring
2023-11-21,19.2,9.08473888888889,Spring
2023-11-22,18.9,13.988563888888889,Spring
2023-11-23,23.8,9.808705555555555,Spring
2023-11-24,28.4,7.889561111111111,Spring
2023-11-25,26.4,12.492219444444444,Spring
2023-11-26,18.2,1.5184666666666666,Spring
2023-11-27,17.5,4.796027777777778,Spring
2023-11-28,23.1,9.176830555555554,Spring
2023-11-29,19.4,0.0,Spring
2023-11-30,18.1,2.5053166666666664,Spring
2023-12-01,21.5,6.335547222222223,Summer
2023-12-02,15.9,1.4389833333333333,Summer
2023-12-03,21.3,12.379819444444443,Summer
2023-12-04,30.5,14.0,Summer
2023-12-05,24.6,14.0,Summer
2023-12-06,21.5,13.69765,Summer
2023-12-07,23.0,12.987094444444445,Summer
2023-12-08,32.9,8.392419444444444,Summer
2023-12-09,18.1,0.0,Summer
2023-12-10,20.0,5.846516666666666,Summer
2023-12-11,20.3,0.0,Summer
2023-12-12,31.7,10.163722222222223,Summer
2023-12-13,33.8,11.931580555555556,Summer
2023-12-14,23.8,9.748844444444444,Summer
2023-12-15,21.7,14.090897222222223,Summer
2023-12-16,22.2,12.30380277777778,Summer
2023-12-17,23.0,14.263127777777779,Summer
2023-12-18,25.3,1.286847222222222,Summer
2023-12-19,18.0,6.703525,Summer
2023-12-20,19.9,11.142333333333333,Summer
2023-12-21,24.9,14.335544444444444,Summer
2023-12-22,23.4,14.0,Summer
2023-12-23,22.9,14.413758333333334,Summer
2023-12-24,23.2,12.38506388888889,Summer
2023-12-25,21.4,1.3887305555555556,Summer
2023-12-26,23.6,6.323855555555556,Summer
2023-12-27,23.1,11.405372222222221,Summer
2023-12-28,18.8,4.915494444444444,Summer
2023-12-29,19.0,14.335155555555556,Summer
2023-12-30,17.1,13.537330555555556,Summer
2023-12-31,20.0,13.485475,Summer
2024-01-01,23.0,14.29051111111111,Summer
2024-01-02,26.1,8.108755555555556,Summer
2024-01-03,26.3,12.128633333333333,Summer
2024-01-04,22.0,9.751763888888888,Summer
2024-01-05,25.6,14.318475000000001,Summer
2024-01-06,30.7,13.38205,Summer
2024-01-07,23.7,0.8412194444444444,Summer
2024-01-08,20.1,0.0,Summer
2024-01-09,23.5,14.254197222222222,Summer
2024-01-10,25.6,14.167255555555556,Summer
2024-01-11,22.2,13.137166666666667,Summer
2024-01-12,31.9,13.47224722222222,Summer
2024-01-13,21.3,6.328102777777778,Summer
2024-01-14,21.8,11.643938888888888,Summer
2024-01-15,28.4,12.922375,Summer
2024-01-16,30.0,13.676577777777778,Summer
2024-01-17,23.5,5.259966666666667,Summer
2024-01-18,21.9,13.182858333333334,Summer
2024-01-19,19.8,6.064594444444444,Summer
2024-01-20,25.8,6.629702777777778,Summer
2024-01-21,19.9,8.487472222222223,Summer
2024-01-22,19.2,11.885544444444443,Summer
2024-01-23,29.8,13.317580555555557,Summer
2024-01-24,29.4,12.536827777777779,Summer
2024-01-25,22.4,3.125675,Summer
2024-01-26,22.5,13.155074999999998,Summer
2024-01-27,24.2,13.100694444444445,Summer
2024-01-28,23.6,13.164888888888889,Summer
2024-01-29,27.3,13.083505555555556,Summer
2024-01-30,23.9,13.175572222222222,Summer
2024-01-31,20.6,12.57087777777778,Summer
2024-02-01,25.1,13.10104722222222,Summer
2024-02-02,21.5,13.107316666666666,Summer
2024-02-03,30.5,13.117355555555557,Summer
2024-02-04,36.6,13.120702777777778,Summer
2024-02-05,21.8,8.003441666666667,Summer
2024-02-06,20.1,12.903208333333334,Summer
2024-02-07,21.9,13.0,Summer
2024-02-08,22.8,13.0,Summer
2024-02-09,20.9,11.197319444444444,Summer
2024-02-10,26.1,13.0,Summer
2024-02-11,32.0,13.0,Summer
2024-02-12,35.4,13.0,Summer
2024-02-13,35.1,13.0,Summer
2024-02-14,18.8,12.336166666666665,Summer
2024-02-15,20.6,12.888766666666665,Summer
2024-02-16,23.0,13.0,Summer
2024-02-17,23.2,9.383536111111113,Summer
2024-02-18,22.2,13.0,Summer
2024-02-19,22.1,12.01523888888889,Summer
2024-02-20,30.0,13.0,Summer
2024-02-21,33.0,13.0,Summer
2024-02-22,37.3,12.467738888888888,Summer
2024-02-23,21.3,10.341002777777778,Summer
2024-02-24,20.8,12.069122222222221,Summer
2024-02-25,31.0,10.966308333333332,Summer
2024-02-26,20.0,12.0,Summer
2024-02-27,29.1,12.894447222222222,Summer
2024-02-28,34.0,8.896302777777777,Summer
2024-02-29,25.5,10.870983333333333,Summer
2024-03-01,26.6,12.773258333333334,Autumn
2024-03-02,20.4,10.750744444444445,Autumn
2024-03-03,19.9,10.317155555555557,Autumn
2024-03-04,20.3,12.425788888888889,Autumn
2024-03-05,30.9,12.327836111111111,Autumn
2024-03-06,26.0,12.568988888888889,Autumn
2024-03-07,21.7,12.528066666666668,Autumn
2024-03-08,26.5,12.438961111111112,Autumn
2024-03-09,37.7,12.446383333333333,Autumn
2024-03-10,36.0,12.236883333333333,Autumn
2024-03-11,34.6,11.286866666666667,Autumn
2024-03-12,25.5,4.0,Autumn
2024-03-13,19.5,4.620736111111111,Autumn
2024-03-14,21.6,10.507844444444444,Autumn
2024-03-15,26.9,11.769847222222221,Autumn
2024-03-16,28.8,11.870730555555555,Autumn
2024-03-17,28.9,11.81033888888889,Autumn
2024-03-18,30.2,11.66946111111111,Autumn
2024-03-19,28.5,8.566702777777778,Autumn
2024-03-20,17.4,11.373908333333333,Autumn
2024-03-21,19.5,11.247327777777777,Autumn
2024-03-22,21.0,11.348811111111111,Autumn
2024-03-23,19.4,11.052847222222223,Autumn
2024-03-24,22.6,11.243875,Autumn
2024-03-25,23.1,11.090133333333334,Autumn
2024-03-26,21.5,11.097930555555557,Autumn
2024-03-27,20.5,10.817755555555555,Autumn
2024-03-28,19.4,10.974819444444444,Autumn
2024-03-29,27.6,10.000338888888889,Autumn
2024-03-30,22.5,9.0,Autumn
2024-03-31,21.5,9.0,Autumn
2024-04-01,27.3,5.201919444444444,Autumn
2024-04-02,20.0,10.038619444444445,Autumn
2024-04-03,16.1,3.874975,Autumn
2024-04-04,17.9,10.418333333333333,Autumn
2024-04-05,19.1,11.0,Autumn
2024-04-06,19.2,1.1235777777777778,Autumn
2024-04-07,19.6,6.0,Autumn
2024-04-08,19.7,9.859791666666666,Autumn
2024-04-09,14.8,9.834072222222224,Autumn
2024-04-10,16.8,4.97995,Autumn
2024-04-11,17.2,9.457166666666668,Autumn
2024-04-12,16.9,7.788713888888888,Autumn
2024-04-13,17.8,10.860008333333333,Autumn
2024-04-14,18.4,10.798627777777778,Autumn
2024-04-15,19.6,10.812858333333333,Autumn
2024-04-16,17.2,8.161563888888889,Autumn
2024-04-17,16.5,9.766694444444443,Autumn
2024-04-18,16.5,7.0,Autumn
2024-04-19,16.5,9.24216388888889,Autumn
2024-04-20,15.9,10.699775,Autumn
2024-04-21,15.9,10.678199999999999,Autumn
2024-04-22,22.1,10.657025,Autumn
2024-04-23,22.8,10.0,Autumn
2024-04-24,14.8,9.604225,Autumn
2024-04-25,15.4,10.20925,Autumn
2024-04-26,15.9,7.867066666666666,Autumn
2024-04-27,17.5,9.964522222222222,Autumn
2024-04-28,20.8,8.356300000000001,Autumn
2024-04-29,15.9,4.487961111111111,Autumn
2024-04-30,14.9,6.561391666666666,Autumn
2024-05-01,18.0,10.011152777777777,Autumn
2024-05-02,15.8,6.204522222222222,Autumn
2024-05-03,15.6,7.128113888888889,Autumn
2024-05-04,14.9,5.219986111111111,Autumn
2024-05-05,16.5,5.837830555555556,Autumn
2024-05-06,18.4,9.3623,Autumn
2024-05-07,16.1,8.079294444444445,Autumn
2024-05-08,18.2,7.000625,Autumn
2024-05-09,16.1,5.117427777777778,Autumn
2024-05-10,16.9,2.4317361111111113,Autumn
2024-05-11,18.5,4.051561111111111,Autumn
2024-05-12,17.2,9.524941666666667,Autumn
2024-05-13,19.0,9.444372222222222,Autumn
2024-05-14,15.8,9.273530555555554,Autumn
2024-05-15,15.7,9.462180555555555,Autumn
2024-05-16,17.6,9.682702777777779,Autumn
2024-05-17,15.6,7.614472222222222,Autumn
2024-05-18,13.1,9.654444444444444,Autumn
2024-05-19,14.2,2.5469972222222226,Autumn
2024-05-20,13.6,2.292752777777778,Autumn
2024-05-21,13.9,7.580775,Autumn
2024-05-22,15.2,9.15739722222222,Autumn
2024-05-23,14.5,8.187916666666666,Autumn
2024-05-24,14.2,3.356272222222222,Autumn
2024-05-25,15.3,6.1867,Autumn
2024-05-26,15.4,9.094947222222222,Autumn
2024-05-27,17.5,9.470841666666667,Autumn
2024-05-28,17.6,9.385788888888888,Autumn
2024-05-29,18.0,9.392780555555555,Autumn
2024-05-30,19.0,4.691277777777778,Autumn
2024-05-31,16.5,9.034744444444446,Autumn
2024-06-01,12.9,9.2265,Winter
2024-06-02,12.9,9.139283333333333,Winter
2024-06-03,12.2,0.0,Winter
2024-06-04,12.9,3.906238888888889,Winter
2024-06-05,13.9,0.3345222222222222,Winter
2024-06-06,15.2,7.453997222222222,Winter
2024-06-07,15.1,7.113047222222223,Winter
2024-06-08,13.4,5.295688888888889,Winter
2024-06-09,12.3,1.0,Winter
2024-06-10,13.9,8.0,Winter
2024-06-11,14.8,3.0,Winter
2024-06-12,11.9,4.657588888888889,Winter
2024-06-13,10.8,0.0,Winter
2024-06-14,12.2,5.642452777777779,Winter
2024-06-15,13.1,9.0,Winter
2024-06-16,12.6,8.91685,Winter
2024-06-17,12.7,9.018011111111111,Winter
2024-06-18,11.7,9.0,Winter
2024-06-19,11.4,9.0,Winter
2024-06-20,11.8,9.0,Winter
2024-06-21,12.9,7.797086111111111,Winter
2024-06-22,12.4,9.0,Winter
2024-06-23,13.4,9.0,Winter
2024-06-24,12.3,7.216911111111111,Winter
2024-06-25,14.6,7.903777777777777,Winter
2024-06-26,13.8,9.0,Winter
2024-06-27,14.6,9.0,Winter
2024-06-28,14.9,7.347794444444445,Winter
2024-06-29,13.8,0.0,Winter
2024-06-30,10.9,9.0,Winter
2024-07-01,11.4,5.994597222222222,Winter
2024-07-02,10.9,9.0,Winter
2024-07-03,9.6,9.0,Winter
2024-07-04,10.8,3.8775444444444442,Winter
2024-07-05,11.5,1.1350333333333333,Winter
2024-07-06,10.6,9.0,Winter
2024-07-07,15.3,8.438711111111111,Winter
2024-07-08,15.9,3.9530916666666664,Winter
2024-07-09,12.1,0.0,Winter
2024-07-10,13.4,6.594130555555555,Winter
2024-07-11,11.8,0.0,Winter
2024-07-12,13.8,5.0,Winter
2024-07-13,12.2,8.226805555555556,Winter
2024-07-14,10.4,7.9778472222222225,Winter
2024-07-15,9.9,1.3534944444444443,Winter
2024-07-16,13.2,4.737566666666667,Winter
2024-07-17,12.6,8.347561111111112,Winter
2024-07-18,11.4,6.7057416666666665,Winter
2024-07-19,10.4,0.0,Winter
2024-07-20,11.4,1.2071972222222223,Winter
2024-07-21,14.4,7.054033333333334,Winter
2024-07-22,16.1,9.0,Winter
2024-07-23,15.6,9.22236388888889,Winter
2024-07-24,14.8,5.061775,Winter
2024-07-25,12.3,1.0776388888888888,Winter
2024-07-26,13.2,9.290427777777778,Winter
2024-07-27,12.2,3.9519305555555557,Winter
2024-07-28,11.0,8.868316666666667,Winter
2024-07-29,10.6,0.0,Winter
2024-07-30,12.0,7.094711111111111,Winter
2024-07-31,9.5,6.2308972222222225,Winter
2024-08-01,14.1,9.265972222222222,Winter
2024-08-02,14.1,8.644627777777778,Winter
2024-08-03,13.4,4.932613888888889,Winter
2024-08-04,13.7,9.388347222222222,Winter
2024-08-05,13.9,8.841758333333333,Winter
2024-08-06,15.8,9.83433888888889,Winter
2024-08-07,17.0,10.019063888888889,Winter
2024-08-08,13.4,5.153608333333334,Winter
2024-08-09,16.1,9.778963888888889,Winter
2024-08-10,15.9,9.477841666666668,Winter
2024-08-11,17.6,10.384527777777778,Winter
2024-08-12,18.9,10.418744444444446,Winter
2024-08-13,18.8,10.45323888888889,Winter
2024-08-14,19.6,7.900730555555556,Winter
2024-08-15,19.6,9.528433333333334,Winter
2024-08-16,15.8,2.2278555555555557,Winter
2024-08-17,13.0,6.87841111111111,Winter
2024-08-18,14.6,10.628808333333334,Winter
2024-08-19,17.1,10.664347222222222,Winter
2024-08-20,17.6,6.606127777777778,Winter
2024-08-21,18.0,10.694688888888889,Winter
2024-08-22,17.5,10.382211111111111,Winter
2024-08-23,18.0,6.20848888888889,Winter
2024-08-24,21.0,10.803330555555554,Winter
2024-08-25,22.2,8.904975,Winter
2024-08-26,17.0,4.782127777777777,Winter
2024-08-27,19.0,6.519161111111111,Winter
2024-08-28,19.2,10.39798888888889,Winter
2024-08-29,16.2,6.135658333333333,Winter
2024-08-30,18.2,8.536913888888888,Winter
2024-08-31,17.9,10.795816666666667,Winter
2024-09-01,17.8,9.828891666666667,Spring
2024-09-02,17.4,10.929577777777778,Spring
2024-09-03,15.9,10.943569444444444,Spring
2024-09-04,17.9,9.0,Spring
2024-09-05,18.4,2.687977777777778,Spring
2024-09-06,23.9,6.0,Spring
2024-09-07,18.3,10.128713888888889,Spring
2024-09-08,16.5,6.973252777777778,Spring
2024-09-09,16.5,8.721944444444444,Spring
2024-09-10,19.4,11.095833333333333,Spring
2024-09-11,19.6,7.797938888888889,Spring
2024-09-12,13.4,11.069958333333332,Spring
2024-09-13,16.2,11.056880555555555,Spring
2024-09-14,10.4,8.9281,Spring
2024-09-15,11.9,11.209619444444444,Spring
2024-09-16,12.1,0.0,Spring
2024-09-17,15.2,10.474486111111112,Spring
2024-09-18,18.8,11.666091666666667,Spring
2024-09-19,15.6,11.22013611111111,Spring
2024-09-20,16.6,11.0,Spring
2024-09-21,15.8,5.476436111111111,Spring
2024-09-22,18.5,9.376955555555556,Spring
2024-09-23,18.3,6.0882000000000005,Spring
2024-09-24,22.9,8.95465,Spring
2024-09-25,15.4,0.37094722222222226,Spring
2024-09-26,12.6,11.87545,Spring
2024-09-27,15.1,11.901052777777778,Spring
2024-09-28,20.4,11.926427777777777,Spring
2024-09-29,16.1,1.2997027777777779,Spring
2024-09-30,18.4,11.976558333333333,Spring
2024-10-01,17.5,11.71506388888889,Spring
2024-10-02,15.4,12.0,Spring
2024-10-03,24.6,12.0,Spring
2024-10-04,22.8,6.973255555555556,Spring
2024-10-05,19.1,7.681358333333333,Spring
2024-10-06,19.0,11.203644444444445,Spring
2024-10-07,17.4,6.802341666666667,Spring
2024-10-08,13.3,12.0,Spring
2024-10-09,17.8,12.175141666666667,Spring
2024-10-10,19.1,11.167808333333333,Spring
2024-10-11,16.5,11.21183888888889,Spring
2024-10-12,16.5,12.234544444444445,Spring
2024-10-13,22.9,11.738019444444445,Spring
2024-10-14,19.0,12.138261111111111,Spring
2024-10-15,26.0,11.0,Spring
2024-10-16,24.5,11.0,Spring
2024-10-17,25.5,7.549869444444444,Spring
2024-10-18,21.6,5.532819444444445,Spring
2024-10-19,15.6,8.757527777777778,Spring
2024-10-20,16.9,11.894588888888888,Spring
2024-10-21,24.5,12.587177777777777,Spring
2024-10-22,28.0,12.573386111111112,Spring
2024-10-23,19.8,8.400997222222223,Spring
2024-10-24,16.7,12.698375,Spring
2024-10-25,14.4,13.019108333333334,Spring
2024-10-26,21.2,12.751038888888889,Spring
2024-10-27,25.7,10.774105555555556,Spring
2024-10-28,16.5,12.312222222222223,Spring
2024-10-29,18.0,12.367852777777777,Spring
2024-10-30,19.2,13.475163888888888,Spring
2024-10-31,18.4,11.932747222222222,Spring
2024-11-01,16.1,9.842994444444445,Spring
2024-11-02,25.1,13.584633333333333,Spring
2024-11-03,22.4,12.878277777777779,Spring
2024-11-04,18.0,12.527574999999999,Spring
2024-11-05,25.6,12.17265277777778,Spring
2024-11-06,33.4,11.625497222222222,Spring
2024-11-07,21.1,11.544002777777779,Spring
2024-11-08,19.4,9.869969444444445,Spring
2024-11-09,19.7,7.466861111111111,Spring
2024-11-10,19.7,13.600172222222223,Spring
2024-11-11,23.5,13.868675000000001,Spring
2024-11-12,26.1,9.676347222222223,Spring
2024-11-13,19.0,9.062725,Spring
2024-11-14,16.0,13.133997222222222,Spring
2024-11-15,19.4,13.921469444444444,Spring
2024-11-16,33.0,13.933594444444445,Spring
2024-11-17,28.5,10.99011388888889,Spring
2024-11-18,19.7,13.157916666666667,Spring
2024-11-19,16.7,10.554549999999999,Spring
2024-11-20,18.4,10.55701388888889,Spring
2024-11-21,27.7,13.987066666666667,Spring
2024-11-22,36.0,11.970430555555556,Spring
2024-11-23,37.4,8.943416666666666,Spring
2024-11-24,22.5,0.8009833333333333,Spring
2024-11-25,18.9,0.0,Spring
2024-11-26,22.6,10.590827777777779,Spring
2024-11-27,25.9,11.665369444444446,Spring
2024-11-28,22.0,14.0,Spring
2024-11-29,27.1,14.0,Spring
2024-11-30,23.3,1.330338888888889,Spring
2024-12-01,23.5,9.0,Summer
2024-12-02,29.5,14.0,Summer
2024-12-03,28.7,12.604027777777778,Summer
2024-12-04,21.0,14.066141666666667,Summer
2024-12-05,31.1,14.058883333333334,Summer
2024-12-06,30.7,8.423619444444444,Summer
2024-12-07,27.3,12.837616666666666,Summer
2024-12-08,20.4,14.037794444444444,Summer
2024-12-09,22.6,12.091166666666666,Summer
2024-12-10,20.0,11.02446111111111,Summer
2024-12-11,26.5,14.018077777777778,Summer
2024-12-12,25.5,10.257666666666665,Summer
2024-12-13,20.6,9.831291666666667,Summer
2024-12-14,24.6,12.22451388888889,Summer
2024-12-15,31.5,14.269575,Summer
2024-12-16,41.5,11.416766666666668,Summer
2024-12-17,24.7,12.15856111111111,Summer
2024-12-18,21.2,14.346644444444443,Summer
2024-12-19,29.8,14.342175000000001,Summer
2024-12-20,36.1,14.337827777777777,Summer
2024-12-21,20.0,13.803844444444444,Summer
2024-12-22,20.3,11.345336111111111,Summer
2024-12-23,17.7,14.131972222222222,Summer
2024-12-24,21.0,9.954991666666666,Summer
2024-12-25,31.5,14.105222222222222,Summer
2024-12-26,38.5,7.372891666666667,Summer
2024-12-27,22.6,11.59303888888889,Summer
2024-12-28,23.3,8.221502777777777,Summer
2024-12-29,23.6,14.413208333333333,Summer
2024-12-30,26.5,12.204027777777778,Summer
2024-12-31,24.2,13.940052777777778,Summer
2025-01-01,20.9,14.094486111111111,Summer
2025-01-02,20.0,14.310363888888888,Summer
2025-01-03,28.2,14.427302777777777,Summer
2025-01-04,38.5,12.307847222222222,Summer
2025-01-05,39.4,11.668252777777777,Summer
2025-01-06,28.0,1.408711111111111,Summer
2025-01-07,24.2,13.472763888888888,Summer
2025-01-08,28.8,14.170069444444444,Summer
2025-01-09,31.0,8.623716666666667,Summer
2025-01-10,29.7,13.472380555555555,Summer
2025-01-11,34.5,13.909333333333333,Summer
2025-01-12,28.0,5.7261194444444445,Summer
2025-01-13,24.6,13.384722222222223,Summer
2025-01-14,25.8,13.66558888888889,Summer
2025-01-15,26.8,5.014944444444445,Summer
2025-01-16,19.8,12.130794444444444,Summer
2025-01-17,20.8,13.33885,Summer
2025-01-18,28.6,13.792744444444443,Summer
2025-01-19,33.9,13.253397222222222,Summer
2025-01-20,32.7,13.310113888888889,Summer
2025-01-21,30.2,13.246727777777778,Summer
2025-01-22,21.1,8.538591666666667,Summer
2025-01-23,20.5,1.8374361111111113,Summer
2025-01-24,21.4,12.048213888888888,Summer
2025-01-25,23.6,12.368983333333333,Summer
2025-01-26,23.0,12.666163888888889,Summer
2025-01-27,40.7,12.0761,Summer
2025-01-28,21.4,12.172916666666667,Summer
2025-01-29,20.0,13.17363611111111,Summer
2025-01-30,21.0,10.964747222222222,Summer
2025-01-31,22.5,13.09931111111111,Summer
2025-02-01,32.2,13.105783333333333,Summer
2025-02-02,39.5,10.0,Summer
2025-02-03,36.7,9.275316666666667,Summer
2025-02-04,37.5,11.726594444444444,Summer
2025-02-05,22.9,11.036102777777778,Summer
2025-02-06,32.8,13.0,Summer
2025-02-07,23.4,13.0,Summer
2025-02-08,22.4,7.4414444444444445,Summer
2025-02-09,27.3,11.98448888888889,Summer
2025-02-10,26.5,13.0,Summer
2025-02-11,30.2,13.0,Summer
2025-02-12,33.3,13.0,Summer
2025-02-13,36.0,9.0,Summer
2025-02-14,21.5,12.0,Summer
2025-02-15,16.1,13.0,Summer
2025-02-16,16.7,13.0,Summer
2025-02-17,19.4,12.82263611111111,Summer
2025-02-18,20.5,11.0,Summer
2025-02-19,18.6,7.783383333333333,Summer
2025-02-20,19.8,10.510363888888888,Summer
2025-02-21,31.2,12.992205555555556,Summer
2025-02-22,36.2,12.43573888888889,Summer
2025-02-23,31.0,10.306747222222223,Summer
2025-02-24,21.0,12.939691666666667,Summer
2025-02-25,24.9,12.922336111111113,Summer
2025-02-26,35.5,11.273544444444445,Summer
2025-02-27,26.4,12.346461111111111,Summer
2025-02-28,27.6,12.069508333333335,Summer
2025-03-01,23.3,12.781255555555555,Autumn
2025-03-02,21.0,9.697252777777777,Autumn
2025-03-03,20.5,12.70015,Autumn
2025-03-04,31.8,12.659644444444444,Autumn
2025-03-05,34.7,12.619211111111111,Autumn
2025-03-06,22.5,6.467644444444445,Autumn
2025-03-07,28.9,12.538675000000001,Autumn
2025-03-08,32.6,12.498602777777778,Autumn
2025-03-09,34.2,11.205655555555555,Autumn
2025-03-10,32.4,12.417922222222222,Autumn
2025-03-11,32.2,11.168802777777778,Autumn
2025-03-12,34.6,11.28298611111111,Autumn
2025-03-13,22.9,7.0957333333333334,Autumn
2025-03-14,25.5,10.779033333333333,Autumn
2025-03-15,37.2,10.413644444444445,Autumn
2025-03-16,24.5,2.364047222222222,Autumn
2025-03-17,17.0,8.481777777777777,Autumn
2025-03-18,22.3,11.826497222222223,Autumn
2025-03-19,29.7,11.4438,Autumn
2025-03-20,25.1,3.678052777777778,Autumn
2025-03-21,18.1,1.0345555555555557,Autumn
2025-03-22,18.8,11.344525,Autumn
2025-03-23,20.5,11.234024999999999,Autumn
2025-03-24,19.2,10.887683333333335,Autumn
2025-03-25,21.6,11.168952777777779,Autumn
2025-03-26,20.1,7.751994444444445,Autumn
2025-03-27,21.0,11.0229,Autumn
2025-03-28,29.2,9.542166666666667,Autumn
2025-03-29,21.4,5.819977777777777,Autumn
2025-03-30,21.1,9.277738888888889,Autumn
2025-03-31,21.4,11.0,Autumn
2025-04-01,22.6,11.0,Autumn
2025-04-02,24.1,11.0,Autumn
2025-04-03,19.9,11.0,Autumn
2025-04-04,17.6,10.279275,Autumn
2025-04-05,18.5,11.0,Autumn
2025-04-06,21.4,8.719247222222222,Autumn
2025-04-07,16.5,7.471180555555556,Autumn
2025-04-08,17.8,10.985069444444445,Autumn
2025-04-09,20.5,10.0,Autumn
2025-04-10,27.0,10.936169444444443,Autumn
2025-04-11,21.1,9.368022222222221,Autumn
2025-04-12,29.6,10.888102777777778,Autumn
2025-04-13,32.2,9.784541666666666,Autumn
2025-04-14,22.0,9.083302777777778,Autumn
2025-04-15,27.2,8.818061111111112,Autumn
2025-04-16,27.5,9.138866666666667,Autumn
2025-04-17,28.9,10.77306111111111,Autumn
2025-04-18,30.5,10.750886111111111,Autumn
2025-04-19,29.0,7.417066666666666,Autumn
2025-04-20,24.8,10.044777777777776,Autumn
2025-04-21,19.8,10.587533333333335,Autumn
2025-04-22,18.0,7.0791055555555555,Autumn
2025-04-23,20.3,10.527847222222222,Autumn
2025-04-24,25.8,10.62037222222222,Autumn
2025-04-25,23.1,5.67165,Autumn
2025-04-26,18.1,2.932958333333333,Autumn
2025-04-27,16.9,1.7530611111111112,Autumn
2025-04-28,17.2,5.702683333333333,Autumn
2025-04-29,17.0,7.171216666666667,Autumn
2025-04-30,17.0,10.103924999999998,Autumn
